{"frame":[50],"penalty":[0],"refractory_step":[0.1],"response_values":[[-0.00000007450581,-0.00000007450581,0.199999928474426,0.0999999269843102,0.0999999269843102,1,-0.00000007450581,-0.00000007450581,0.0999999269843102]],"reward":[0],"rp_values":[[1,-0.33300000429153,-0.33300000429153,-0.33300000429153,-0.33300000429153,-0.33300000429153,-0.33300000429153,-0.33300000429153,-0.33300000429153]],"score":[-0.6321000080347],"stimulus_values":[[2,0,0,0,0,0,0,0,0]],"threshold":[0]}