{"frame":[50,100,150,200,250,300,350,400,450,500,550,600,650,700,750,800],"penalty":[0.2,0.2,0.2,0.2,0.2,0.2,0.2,0.2,0.2,0.2,0.2,0.2,0.2,0.2,0.2,0.2],"refractory_step":[0.1,0.1,0.1,0.1,0.1,0.1,0.1,0.1,0.1,0.1,0.1,0.1,0.1,0.1,0.1,0.1],"response_values":[[0.199999928474426,-0.00000007450581,0.299999922513962,-0.00000007450581,0.199999928474426,-0.00000007450581,-0.00000007450581,0.299999922513962,-0.00000007450581],[0.199999928474426,-0.00000007450581,0.299999922513962,-0.00000007450581,0.199999928474426,-0.00000007450581,-0.00000007450581,0.299999922513962,-0.00000007450581],[0.199999928474426,-0.00000007450581,0.299999922513962,-0.00000007450581,0.199999928474426,-0.00000007450581,-0.00000007450581,0.299999922513962,-0.00000007450581],[0.199999928474426,-0.00000007450581,0.299999922513962,-0.00000007450581,0.199999928474426,-0.00000007450581,-0.00000007450581,0.299999922513962,-0.00000007450581],[0.199999928474426,-0.00000007450581,0.299999922513962,-0.00000007450581,0.199999928474426,-0.00000007450581,-0.00000007450581,0.299999922513962,-0.00000007450581],[0.199999928474426,-0.00000007450581,0.299999922513962,-0.00000007450581,0.199999928474426,-0.00000007450581,-0.00000007450581,0.299999922513962,-0.00000007450581],[0.199999928474426,-0.00000007450581,0.299999922513962,-0.00000007450581,0.199999928474426,-0.00000007450581,-0.00000007450581,0.299999922513962,-0.00000007450581],[0.199999928474426,-0.00000007450581,0.299999922513962,-0.00000007450581,0.199999928474426,-0.00000007450581,-0.00000007450581,0.299999922513962,-0.00000007450581],[0.199999928474426,-0.00000007450581,0.299999922513962,-0.00000007450581,0.199999928474426,-0.00000007450581,-0.00000007450581,0.299999922513962,-0.00000007450581],[0.199999928474426,-0.00000007450581,0.299999922513962,-0.00000007450581,0.199999928474426,-0.00000007450581,-0.00000007450581,0.299999922513962,-0.00000007450581],[0.199999928474426,-0.00000007450581,0.299999922513962,-0.00000007450581,0.199999928474426,-0.00000007450581,-0.00000007450581,0.299999922513962,-0.00000007450581],[0.199999928474426,-0.00000007450581,0.299999922513962,-0.00000007450581,0.199999928474426,-0.00000007450581,-0.00000007450581,0.299999922513962,-0.00000007450581],[0.199999928474426,-0.00000007450581,0.299999922513962,-0.00000007450581,0.199999928474426,-0.00000007450581,-0.00000007450581,0.299999922513962,-0.00000007450581],[0.199999928474426,-0.00000007450581,0.299999922513962,-0.00000007450581,0.199999928474426,-0.00000007450581,-0.00000007450581,0.299999922513962,-0.00000007450581],[0.199999928474426,-0.00000007450581,0.299999922513962,-0.00000007450581,0.199999928474426,-0.00000007450581,-0.00000007450581,0.299999922513962,-0.00000007450581],[0.199999928474426,-0.00000007450581,0.299999922513962,-0.00000007450581,0.199999928474426,-0.00000007450581,-0.00000007450581,0.299999922513962,-0.00000007450581]],"reward":[0.3,0.3,0.3,0.3,0.3,0.3,0.3,0.3,0.3,0.3,0.3,0.3,0.3,0.3,0.3,0.3],"rp_values":[[1,-0.33300000429153,-0.33300000429153,-0.33300000429153,-0.33300000429153,-0.33300000429153,-0.33300000429153,-0.33300000429153,-0.33300000429153],[1,-0.33300000429153,-0.33300000429153,-0.33300000429153,-0.33300000429153,-0.33300000429153,-0.33300000429153,-0.33300000429153,-0.33300000429153],[1,-0.33300000429153,-0.33300000429153,-0.33300000429153,-0.33300000429153,-0.33300000429153,-0.33300000429153,-0.33300000429153,-0.33300000429153],[1,-0.33300000429153,-0.33300000429153,-0.33300000429153,-0.33300000429153,-0.33300000429153,-0.33300000429153,-0.33300000429153,-0.33300000429153],[1,-0.33300000429153,-0.33300000429153,-0.33300000429153,-0.33300000429153,-0.33300000429153,-0.33300000429153,-0.33300000429153,-0.33300000429153],[1,-0.33300000429153,-0.33300000429153,-0.33300000429153,-0.33300000429153,-0.33300000429153,-0.33300000429153,-0.33300000429153,-0.33300000429153],[1,-0.33300000429153,-0.33300000429153,-0.33300000429153,-0.33300000429153,-0.33300000429153,-0.33300000429153,-0.33300000429153,-0.33300000429153],[1,-0.33300000429153,-0.33300000429153,-0.33300000429153,-0.33300000429153,-0.33300000429153,-0.33300000429153,-0.33300000429153,-0.33300000429153],[1,-0.33300000429153,-0.33300000429153,-0.33300000429153,-0.33300000429153,-0.33300000429153,-0.33300000429153,-0.33300000429153,-0.33300000429153],[1,-0.33300000429153,-0.33300000429153,-0.33300000429153,-0.33300000429153,-0.33300000429153,-0.33300000429153,-0.33300000429153,-0.33300000429153],[1,-0.33300000429153,-0.33300000429153,-0.33300000429153,-0.33300000429153,-0.33300000429153,-0.33300000429153,-0.33300000429153,-0.33300000429153],[1,-0.33300000429153,-0.33300000429153,-0.33300000429153,-0.33300000429153,-0.33300000429153,-0.33300000429153,-0.33300000429153,-0.33300000429153],[1,-0.33300000429153,-0.33300000429153,-0.33300000429153,-0.33300000429153,-0.33300000429153,-0.33300000429153,-0.33300000429153,-0.33300000429153],[1,-0.33300000429153,-0.33300000429153,-0.33300000429153,-0.33300000429153,-0.33300000429153,-0.33300000429153,-0.33300000429153,-0.33300000429153],[1,-0.33300000429153,-0.33300000429153,-0.33300000429153,-0.33300000429153,-0.33300000429153,-0.33300000429153,-0.33300000429153,-0.33300000429153],[1,-0.33300000429153,-0.33300000429153,-0.33300000429153,-0.33300000429153,-0.33300000429153,-0.33300000429153,-0.33300000429153,-0.33300000429153]],"score":[0,-0.03290000367761,-0.26549999916553,0.0335999945044527,0.0340999980211265,0.0334999982789168,0.0339999992847453,0.0333999747544533,0.0338999906241906,-0.33300000429153,-0.06610000341534,0.666999995708466,-0.06620000212192,-0.06570002834797,-0.0663000008285,-0.69850002729893],"stimulus_values":[[2,0,0,0,0,0,0,0,0],[2,0,0,0,0,0,0,0,0],[2,0,0,0,0,0,0,0,0],[2,0,0,0,0,0,0,0,0],[2,0,0,0,0,0,0,0,0],[2,0,0,0,0,0,0,0,0],[2,0,0,0,0,0,0,0,0],[2,0,0,0,0,0,0,0,0],[2,0,0,0,0,0,0,0,0],[2,0,0,0,0,0,0,0,0],[2,0,0,0,0,0,0,0,0],[2,0,0,0,0,0,0,0,0],[2,0,0,0,0,0,0,0,0],[2,0,0,0,0,0,0,0,0],[2,0,0,0,0,0,0,0,0],[2,0,0,0,0,0,0,0,0]],"threshold":[0.6,0.6,0.6,0.6,0.6,0.6,0.6,0.6,0.6,0.6,0.6,0.6,0.6,0.6,0.6,0.6]}