{"frame":[50,100,150,200,250,300,350,400,450,500,550],"penalty":[0.2,0.2,0.2,0.2,0.2,0.2,0.2,0.2,0.2,0.2,0.2],"refractory_step":[0.1,0.1,0.1,0.1,0.1,0.1,0.1,0.1,0.1,0.1,0.1],"response_values":[[-0.00000007450581,0,0.899999976158142,0.399999916553497,0,-0.00000007450581,0.299999922513962,-0.00000007450581,0],[-0.00000007450581,0,0.899999976158142,0.399999916553497,0,-0.00000007450581,0.299999922513962,-0.00000007450581,0],[-0.00000007450581,0,0.899999976158142,0.399999916553497,0,-0.00000007450581,0.299999922513962,-0.00000007450581,0],[-0.00000007450581,0,0.899999976158142,0.399999916553497,0,-0.00000007450581,0.299999922513962,-0.00000007450581,0],[-0.00000007450581,0,0.899999976158142,0.399999916553497,0,-0.00000007450581,0.299999922513962,-0.00000007450581,0],[-0.00000007450581,0,0.899999976158142,0.399999916553497,0,-0.00000007450581,0.299999922513962,-0.00000007450581,0],[-0.00000007450581,0,0.899999976158142,0.399999916553497,0,-0.00000007450581,0.299999922513962,-0.00000007450581,0],[-0.00000007450581,0,0.899999976158142,0.399999916553497,0,-0.00000007450581,0.299999922513962,-0.00000007450581,0],[-0.00000007450581,0,0.899999976158142,0.399999916553497,0,-0.00000007450581,0.299999922513962,-0.00000007450581,0],[-0.00000007450581,0,0.899999976158142,0.399999916553497,0,-0.00000007450581,0.299999922513962,-0.00000007450581,0],[-0.00000007450581,0,0.899999976158142,0.399999916553497,0,-0.00000007450581,0.299999922513962,-0.00000007450581,0]],"reward":[0.3,0.3,0.3,0.3,0.3,0.3,0.3,0.3,0.3,0.3,0.3],"rp_values":[[-0.33300000429153,-0.33300000429153,-0.33300000429153,1,-0.33300000429153,-0.33300000429153,-0.33300000429153,-0.33300000429153,-0.33300000429153],[-0.33300000429153,-0.33300000429153,-0.33300000429153,1,-0.33300000429153,-0.33300000429153,-0.33300000429153,-0.33300000429153,-0.33300000429153],[-0.33300000429153,-0.33300000429153,-0.33300000429153,1,-0.33300000429153,-0.33300000429153,-0.33300000429153,-0.33300000429153,-0.33300000429153],[-0.33300000429153,-0.33300000429153,-0.33300000429153,1,-0.33300000429153,-0.33300000429153,-0.33300000429153,-0.33300000429153,-0.33300000429153],[-0.33300000429153,-0.33300000429153,-0.33300000429153,1,-0.33300000429153,-0.33300000429153,-0.33300000429153,-0.33300000429153,-0.33300000429153],[-0.33300000429153,-0.33300000429153,-0.33300000429153,1,-0.33300000429153,-0.33300000429153,-0.33300000429153,-0.33300000429153,-0.33300000429153],[-0.33300000429153,-0.33300000429153,-0.33300000429153,1,-0.33300000429153,-0.33300000429153,-0.33300000429153,-0.33300000429153,-0.33300000429153],[-0.33300000429153,-0.33300000429153,-0.33300000429153,1,-0.33300000429153,-0.33300000429153,-0.33300000429153,-0.33300000429153,-0.33300000429153],[-0.33300000429153,-0.33300000429153,-0.33300000429153,1,-0.33300000429153,-0.33300000429153,-0.33300000429153,-0.33300000429153,-0.33300000429153],[-0.33300000429153,-0.33300000429153,-0.33300000429153,1,-0.33300000429153,-0.33300000429153,-0.33300000429153,-0.33300000429153,-0.33300000429153],[-0.33300000429153,-0.33300000429153,-0.33300000429153,1,-0.33300000429153,-0.33300000429153,-0.33300000429153,-0.33300000429153,-0.33300000429153]],"score":[0,0,0.500500023335219,-0.06620006166697,0.467100006306172,-0.33260005914569,0.533700013118983,-0.03300004208088,0.500299996089936,-0.06640002682656,0.466899981541932],"stimulus_values":[[0,0,0,2,0,0,0,0,0],[0,0,0,2,0,0,0,0,0],[0,0,0,2,0,0,0,0,0],[0,0,0,2,0,0,0,0,0],[0,0,0,2,0,0,0,0,0],[0,0,0,2,0,0,0,0,0],[0,0,0,2,0,0,0,0,0],[0,0,0,2,0,0,0,0,0],[0,0,0,2,0,0,0,0,0],[0,0,0,2,0,0,0,0,0],[0,0,0,2,0,0,0,0,0]],"threshold":[0.6,0.6,0.6,0.6,0.6,0.6,0.6,0.6,0.6,0.6,0.6]}