{"frame":[50,100,150,200,250,300,350,400,450,500,550,600,650],"penalty":[0.2,0.2,0.2,0.2,0.2,0.2,0.2,0.2,0.2,0.2,0.2,0.2,0.2],"refractory_step":[0.1,0.1,0.1,0.1,0.1,0.1,0.1,0.1,0.1,0.1,0.1,0.1,0.1],"response_values":[[0.499999910593033,0.399999916553497,0.499999910593033,-0.00000007450581,-0.00000007450581,0.399999916553497,0.499999910593033,0.399999916553497,0.399999916553497],[0.499999910593033,0.399999916553497,0.499999910593033,-0.00000007450581,-0.00000007450581,0.399999916553497,0.499999910593033,0.399999916553497,0.399999916553497],[0.499999910593033,0.399999916553497,0.499999910593033,-0.00000007450581,-0.00000007450581,0.399999916553497,0.499999910593033,0.399999916553497,0.399999916553497],[0.499999910593033,0.399999916553497,0.499999910593033,-0.00000007450581,-0.00000007450581,0.399999916553497,0.499999910593033,0.399999916553497,0.399999916553497],[0.499999910593033,0.399999916553497,0.499999910593033,-0.00000007450581,-0.00000007450581,0.399999916553497,0.499999910593033,0.399999916553497,0.399999916553497],[0.499999910593033,0.399999916553497,0.499999910593033,-0.00000007450581,-0.00000007450581,0.399999916553497,0.499999910593033,0.399999916553497,0.399999916553497],[0.499999910593033,0.399999916553497,0.499999910593033,-0.00000007450581,-0.00000007450581,0.399999916553497,0.499999910593033,0.399999916553497,0.399999916553497],[0.499999910593033,0.399999916553497,0.499999910593033,-0.00000007450581,-0.00000007450581,0.399999916553497,0.499999910593033,0.399999916553497,0.399999916553497],[0.499999910593033,0.399999916553497,0.499999910593033,-0.00000007450581,-0.00000007450581,0.399999916553497,0.499999910593033,0.399999916553497,0.399999916553497],[0.499999910593033,0.399999916553497,0.499999910593033,-0.00000007450581,-0.00000007450581,0.399999916553497,0.499999910593033,0.399999916553497,0.399999916553497],[0.499999910593033,0.399999916553497,0.499999910593033,-0.00000007450581,-0.00000007450581,0.399999916553497,0.499999910593033,0.399999916553497,0.399999916553497],[0.499999910593033,0.399999916553497,0.499999910593033,-0.00000007450581,-0.00000007450581,0.399999916553497,0.499999910593033,0.399999916553497,0.399999916553497],[0.499999910593033,0.399999916553497,0.499999910593033,-0.00000007450581,-0.00000007450581,0.399999916553497,0.499999910593033,0.399999916553497,0.399999916553497]],"reward":[0.3,0.3,0.3,0.3,0.3,0.3,0.3,0.3,0.3,0.3,0.3,0.3,0.3],"rp_values":[[-0.33300000429153,-0.33300000429153,1,-0.33300000429153,-0.33300000429153,-0.33300000429153,-0.33300000429153,-0.33300000429153,-0.33300000429153],[-0.33300000429153,-0.33300000429153,1,-0.33300000429153,-0.33300000429153,-0.33300000429153,-0.33300000429153,-0.33300000429153,-0.33300000429153],[-0.33300000429153,-0.33300000429153,1,-0.33300000429153,-0.33300000429153,-0.33300000429153,-0.33300000429153,-0.33300000429153,-0.33300000429153],[-0.33300000429153,-0.33300000429153,1,-0.33300000429153,-0.33300000429153,-0.33300000429153,-0.33300000429153,-0.33300000429153,-0.33300000429153],[-0.33300000429153,-0.33300000429153,1,-0.33300000429153,-0.33300000429153,-0.33300000429153,-0.33300000429153,-0.33300000429153,-0.33300000429153],[-0.33300000429153,-0.33300000429153,1,-0.33300000429153,-0.33300000429153,-0.33300000429153,-0.33300000429153,-0.33300000429153,-0.33300000429153],[-0.33300000429153,-0.33300000429153,1,-0.33300000429153,-0.33300000429153,-0.33300000429153,-0.33300000429153,-0.33300000429153,-0.33300000429153],[-0.33300000429153,-0.33300000429153,1,-0.33300000429153,-0.33300000429153,-0.33300000429153,-0.33300000429153,-0.33300000429153,-0.33300000429153],[-0.33300000429153,-0.33300000429153,1,-0.33300000429153,-0.33300000429153,-0.33300000429153,-0.33300000429153,-0.33300000429153,-0.33300000429153],[-0.33300000429153,-0.33300000429153,1,-0.33300000429153,-0.33300000429153,-0.33300000429153,-0.33300000429153,-0.33300000429153,-0.33300000429153],[-0.33300000429153,-0.33300000429153,1,-0.33300000429153,-0.33300000429153,-0.33300000429153,-0.33300000429153,-0.33300000429153,-0.33300000429153],[-0.33300000429153,-0.33300000429153,1,-0.33300000429153,-0.33300000429153,-0.33300000429153,-0.33300000429153,-0.33300000429153,-0.33300000429153],[-0.33300000429153,-0.33300000429153,1,-0.33300000429153,-0.33300000429153,-0.33300000429153,-0.33300000429153,-0.33300000429153,-0.33300000429153]],"score":[-0.33249991157651,0,0,0,0.366799936664105,0.367299999785423,0.16689996713996,0.33389999268055,0.133499969989062,0.300499985575676,0.100099975319207,-0.2323999882698,-0.09980002150387],"stimulus_values":[[0,0,2,0,0,0,0,0,0],[0,0,2,0,0,0,0,0,0],[0,0,2,0,0,0,0,0,0],[0,0,2,0,0,0,0,0,0],[0,0,2,0,0,0,0,0,0],[0,0,2,0,0,0,0,0,0],[0,0,2,0,0,0,0,0,0],[0,0,2,0,0,0,0,0,0],[0,0,2,0,0,0,0,0,0],[0,0,2,0,0,0,0,0,0],[0,0,2,0,0,0,0,0,0],[0,0,2,0,0,0,0,0,0],[0,0,2,0,0,0,0,0,0]],"threshold":[0.6,0.6,0.6,0.6,0.6,0.6,0.6,0.6,0.6,0.6,0.6,0.6,0.6]}