{"frame":[50,100,150,200,250,300,350,400,450,500,550,600,650,700,750,800,850,900,950,1000,1050,1100,1150,1200,1250,1300,1350,1400,1450,1500,1550,1600,1650,1700,1750,1800,1850,1900,1950,2000,2050,2100,2150,2200,2250],"penalty":[1.514,1.514,1.514,1.514,1.514,1.514,1.514,1.514,1.514,1.514,1.514,1.514,1.514,1.514,1.514,1.514,1.514,1.514,1.514,1.514,1.514,1.514,1.514,1.514,1.514,1.514,1.514,1.514,1.514,1.514,1.514,1.514,1.514,1.514,1.514,1.514,1.514,1.514,1.514,1.514,1.514,1.514,1.514,1.514,1.514],"refractory_step":[0.045,0.045,0.045,0.045,0.045,0.045,0.045,0.045,0.045,0.045,0.045,0.045,0.045,0.045,0.045,0.045,0.045,0.045,0.045,0.045,0.045,0.045,0.045,0.045,0.045,0.045,0.045,0.045,0.045,0.045,0.045,0.045,0.045,0.045,0.045,0.045,0.045,0.045,0.045,0.045,0.045,0.045,0.045,0.045,0.045],"response_values":[[0,0,0,0,0,0.369999766349792,0,0,0],[0,0,0,0,0,0.369999766349792,0,0,0],[0,0,0,0,0,0.369999766349792,0,0,0],[0,0,0,0,0,0.369999766349792,0,0,0],[0,0,0,0,0,0.369999766349792,0,0,0],[0,0,0,0,0,0.369999766349792,0,0,0],[0,0,0,0,0,0.369999766349792,0,0,0],[0,0,0,0,0,0.369999766349792,0,0,0],[0,0,0,0,0,0.369999766349792,0,0,0],[0,0,0,0,0,0.369999766349792,0,0,0],[0,0,0,0,0,0.369999766349792,0,0,0],[0,0,0,0,0,0.369999766349792,0,0,0],[0,0,0,0,0,0.369999766349792,0,0,0],[0,0,0,0,0,0.369999766349792,0,0,0],[0,0,0,0,0,0.369999766349792,0,0,0],[0,0,0,0,0,0.369999766349792,0,0,0],[0,0,0,0,0,0.369999766349792,0,0,0],[0,0,0,0,0,0.369999766349792,0,0,0],[0,0,0,0,0,0.369999766349792,0,0,0],[0,0,0,0,0,0.369999766349792,0,0,0],[0,0,0,0,0,0.369999766349792,0,0,0],[0,0,0,0,0,0.369999766349792,0,0,0],[0,0,0,0,0,0.369999766349792,0,0,0],[0,0,0,0,0,0.369999766349792,0,0,0],[0,0,0,0,0,0.369999766349792,0,0,0],[0,0,0,0,0,0.369999766349792,0,0,0],[0,0,0,0,0,0.369999766349792,0,0,0],[0,0,0,0,0,0.369999766349792,0,0,0],[0,0,0,0,0,0.369999766349792,0,0,0],[0,0,0,0,0,0.369999766349792,0,0,0],[0,0,0,0,0,0.369999766349792,0,0,0],[0,0,0,0,0,0.369999766349792,0,0,0],[0,0,0,0,0,0.369999766349792,0,0,0],[0,0,0,0,0,0.369999766349792,0,0,0],[0,0,0,0,0,0.369999766349792,0,0,0],[0,0,0,0,0,0.369999766349792,0,0,0],[0,0,0,0,0,0.369999766349792,0,0,0],[0,0,0,0,0,0.369999766349792,0,0,0],[0,0,0,0,0,0.369999766349792,0,0,0],[0,0,0,0,0,0.369999766349792,0,0,0],[0,0,0,0,0,0.369999766349792,0,0,0],[0,0,0,0,0,0.369999766349792,0,0,0],[0,0,0,0,0,0.369999766349792,0,0,0],[0,0,0,0,0,0.369999766349792,0,0,0],[0,0,0,0,0,0.369999766349792,0,0,0]],"reward":[1.314,1.314,1.314,1.314,1.314,1.314,1.314,1.314,1.314,1.314,1.314,1.314,1.314,1.314,1.314,1.314,1.314,1.314,1.314,1.314,1.314,1.314,1.314,1.314,1.314,1.314,1.314,1.314,1.314,1.314,1.314,1.314,1.314,1.314,1.314,1.314,1.314,1.314,1.314,1.314,1.314,1.314,1.314,1.314,1.314],"rp_values":[[-0.33300000429153,-0.33300000429153,-0.33300000429153,-0.33300000429153,-0.33300000429153,1,-0.33300000429153,-0.33300000429153,-0.33300000429153],[-0.33300000429153,-0.33300000429153,-0.33300000429153,-0.33300000429153,-0.33300000429153,1,-0.33300000429153,-0.33300000429153,-0.33300000429153],[-0.33300000429153,-0.33300000429153,-0.33300000429153,-0.33300000429153,-0.33300000429153,1,-0.33300000429153,-0.33300000429153,-0.33300000429153],[-0.33300000429153,-0.33300000429153,-0.33300000429153,-0.33300000429153,-0.33300000429153,1,-0.33300000429153,-0.33300000429153,-0.33300000429153],[-0.33300000429153,-0.33300000429153,-0.33300000429153,-0.33300000429153,-0.33300000429153,1,-0.33300000429153,-0.33300000429153,-0.33300000429153],[-0.33300000429153,-0.33300000429153,-0.33300000429153,-0.33300000429153,-0.33300000429153,1,-0.33300000429153,-0.33300000429153,-0.33300000429153],[-0.33300000429153,-0.33300000429153,-0.33300000429153,-0.33300000429153,-0.33300000429153,1,-0.33300000429153,-0.33300000429153,-0.33300000429153],[-0.33300000429153,-0.33300000429153,-0.33300000429153,-0.33300000429153,-0.33300000429153,1,-0.33300000429153,-0.33300000429153,-0.33300000429153],[-0.33300000429153,-0.33300000429153,-0.33300000429153,-0.33300000429153,-0.33300000429153,1,-0.33300000429153,-0.33300000429153,-0.33300000429153],[-0.33300000429153,-0.33300000429153,-0.33300000429153,-0.33300000429153,-0.33300000429153,1,-0.33300000429153,-0.33300000429153,-0.33300000429153],[-0.33300000429153,-0.33300000429153,-0.33300000429153,-0.33300000429153,-0.33300000429153,1,-0.33300000429153,-0.33300000429153,-0.33300000429153],[-0.33300000429153,-0.33300000429153,-0.33300000429153,-0.33300000429153,-0.33300000429153,1,-0.33300000429153,-0.33300000429153,-0.33300000429153],[-0.33300000429153,-0.33300000429153,-0.33300000429153,-0.33300000429153,-0.33300000429153,1,-0.33300000429153,-0.33300000429153,-0.33300000429153],[-0.33300000429153,-0.33300000429153,-0.33300000429153,-0.33300000429153,-0.33300000429153,1,-0.33300000429153,-0.33300000429153,-0.33300000429153],[-0.33300000429153,-0.33300000429153,-0.33300000429153,-0.33300000429153,-0.33300000429153,1,-0.33300000429153,-0.33300000429153,-0.33300000429153],[-0.33300000429153,-0.33300000429153,-0.33300000429153,-0.33300000429153,-0.33300000429153,1,-0.33300000429153,-0.33300000429153,-0.33300000429153],[-0.33300000429153,-0.33300000429153,-0.33300000429153,-0.33300000429153,-0.33300000429153,1,-0.33300000429153,-0.33300000429153,-0.33300000429153],[-0.33300000429153,-0.33300000429153,-0.33300000429153,-0.33300000429153,-0.33300000429153,1,-0.33300000429153,-0.33300000429153,-0.33300000429153],[-0.33300000429153,-0.33300000429153,-0.33300000429153,-0.33300000429153,-0.33300000429153,1,-0.33300000429153,-0.33300000429153,-0.33300000429153],[-0.33300000429153,-0.33300000429153,-0.33300000429153,-0.33300000429153,-0.33300000429153,1,-0.33300000429153,-0.33300000429153,-0.33300000429153],[-0.33300000429153,-0.33300000429153,-0.33300000429153,-0.33300000429153,-0.33300000429153,1,-0.33300000429153,-0.33300000429153,-0.33300000429153],[-0.33300000429153,-0.33300000429153,-0.33300000429153,-0.33300000429153,-0.33300000429153,1,-0.33300000429153,-0.33300000429153,-0.33300000429153],[-0.33300000429153,-0.33300000429153,-0.33300000429153,-0.33300000429153,-0.33300000429153,1,-0.33300000429153,-0.33300000429153,-0.33300000429153],[-0.33300000429153,-0.33300000429153,-0.33300000429153,-0.33300000429153,-0.33300000429153,1,-0.33300000429153,-0.33300000429153,-0.33300000429153],[-0.33300000429153,-0.33300000429153,-0.33300000429153,-0.33300000429153,-0.33300000429153,1,-0.33300000429153,-0.33300000429153,-0.33300000429153],[-0.33300000429153,-0.33300000429153,-0.33300000429153,-0.33300000429153,-0.33300000429153,1,-0.33300000429153,-0.33300000429153,-0.33300000429153],[-0.33300000429153,-0.33300000429153,-0.33300000429153,-0.33300000429153,-0.33300000429153,1,-0.33300000429153,-0.33300000429153,-0.33300000429153],[-0.33300000429153,-0.33300000429153,-0.33300000429153,-0.33300000429153,-0.33300000429153,1,-0.33300000429153,-0.33300000429153,-0.33300000429153],[-0.33300000429153,-0.33300000429153,-0.33300000429153,-0.33300000429153,-0.33300000429153,1,-0.33300000429153,-0.33300000429153,-0.33300000429153],[-0.33300000429153,-0.33300000429153,-0.33300000429153,-0.33300000429153,-0.33300000429153,1,-0.33300000429153,-0.33300000429153,-0.33300000429153],[-0.33300000429153,-0.33300000429153,-0.33300000429153,-0.33300000429153,-0.33300000429153,1,-0.33300000429153,-0.33300000429153,-0.33300000429153],[-0.33300000429153,-0.33300000429153,-0.33300000429153,-0.33300000429153,-0.33300000429153,1,-0.33300000429153,-0.33300000429153,-0.33300000429153],[-0.33300000429153,-0.33300000429153,-0.33300000429153,-0.33300000429153,-0.33300000429153,1,-0.33300000429153,-0.33300000429153,-0.33300000429153],[-0.33300000429153,-0.33300000429153,-0.33300000429153,-0.33300000429153,-0.33300000429153,1,-0.33300000429153,-0.33300000429153,-0.33300000429153],[-0.33300000429153,-0.33300000429153,-0.33300000429153,-0.33300000429153,-0.33300000429153,1,-0.33300000429153,-0.33300000429153,-0.33300000429153],[-0.33300000429153,-0.33300000429153,-0.33300000429153,-0.33300000429153,-0.33300000429153,1,