{"frame":[50,100,150,200,250,300,350],"penalty":[0.2,0.2,0.2,0.2,0.2,0.2,0.2],"refractory_step":[0.1,0.1,0.1,0.1,0.1,0.1,0.1],"response_values":[[0.399999916553497,-0.00000007450581,0,-0.00000007450581,0.299999922513962,0,0,-0.00000007450581,0.299999922513962],[0.399999916553497,-0.00000007450581,0,-0.00000007450581,0.299999922513962,0,0,-0.00000007450581,0.299999922513962],[0.399999916553497,-0.00000007450581,0,-0.00000007450581,0.299999922513962,0,0,-0.00000007450581,0.299999922513962],[0.399999916553497,-0.00000007450581,0,-0.00000007450581,0.299999922513962,0,0,-0.00000007450581,0.299999922513962],[0.399999916553497,-0.00000007450581,0,-0.00000007450581,0.299999922513962,0,0,-0.00000007450581,0.299999922513962],[0.399999916553497,-0.00000007450581,0,-0.00000007450581,0.299999922513962,0,0,-0.00000007450581,0.299999922513962],[0.399999916553497,-0.00000007450581,0,-0.00000007450581,0.299999922513962,0,0,-0.00000007450581,0.299999922513962]],"reward":[0.3,0.3,0.3,0.3,0.3,0.3,0.3],"rp_values":[[-0.33300000429153,-0.33300000429153,-0.33300000429153,-0.33300000429153,-0.33300000429153,-0.33300000429153,-0.33300000429153,-0.33300000429153,1],[-0.33300000429153,-0.33300000429153,-0.33300000429153,-0.33300000429153,-0.33300000429153,-0.33300000429153,-0.33300000429153,-0.33300000429153,1],[-0.33300000429153,-0.33300000429153,-0.33300000429153,-0.33300000429153,-0.33300000429153,-0.33300000429153,-0.33300000429153,-0.33300000429153,1],[-0.33300000429153,-0.33300000429153,-0.33300000429153,-0.33300000429153,-0.33300000429153,-0.33300000429153,-0.33300000429153,-0.33300000429153,1],[-0.33300000429153,-0.33300000429153,-0.33300000429153,-0.33300000429153,-0.33300000429153,-0.33300000429153,-0.33300000429153,-0.33300000429153,1],[-0.33300000429153,-0.33300000429153,-0.33300000429153,-0.33300000429153,-0.33300000429153,-0.33300000429153,-0.33300000429153,-0.33300000429153,1],[-0.33300000429153,-0.33300000429153,-0.33300000429153,-0.33300000429153,-0.33300000429153,-0.33300000429153,-0.33300000429153,-0.33300000429153,1]],"score":[0,0,0,0,0.100299970251323,0.267299975943565,0.0668999731004245],"stimulus_values":[[0,0,0,0,0,0,0,0,2],[0,0,0,0,0,0,0,0,2],[0,0,0,0,0,0,0,0,2],[0,0,0,0,0,0,0,0,2],[0,0,0,0,0,0,0,0,2],[0,0,0,0,0,0,0,0,2],[0,0,0,0,0,0,0,0,2]],"threshold":[0.6,0.6,0.6,0.6,0.6,0.6,0.6]}