{"frame":[50,100,150],"penalty":[0.2,0.2,0.2],"refractory_step":[0.1,0.1,0.1],"response_values":[[0.899999976158142,0.899999976158142,0.699999928474426,0.599999904632568,0.799999952316284,-0.00000007450581,0.799999952316284,-0.00000007450581,0.399999916553497],[0.899999976158142,0.899999976158142,0.699999928474426,0.599999904632568,0.799999952316284,-0.00000007450581,0.799999952316284,-0.00000007450581,0.399999916553497],[0.899999976158142,0.899999976158142,0.699999928474426,0.599999904632568,0.799999952316284,-0.00000007450581,0.799999952316284,-0.00000007450581,0.399999916553497]],"reward":[0.3,0.3,0.3],"rp_values":[[-0.33300000429153,-0.33300000429153,-0.33300000429153,1,-0.33300000429153,-0.33300000429153,-0.33300000429153,-0.33300000429153,-0.33300000429153],[-0.33300000429153,-0.33300000429153,-0.33300000429153,1,-0.33300000429153,-0.33300000429153,-0.33300000429153,-0.33300000429153,-0.33300000429153],[-0.33300000429153,-0.33300000429153,-0.33300000429153,1,-0.33300000429153,-0.33300000429153,-0.33300000429153,-0.33300000429153,-0.33300000429153]],"score":[-0.59939999184608,-1.59839994517565,-0.43209990080595],"stimulus_values":[[0,0,0,2,0,0,0,0,0],[0,0,0,2,0,0,0,0,0],[0,0,0,2,0,0,0,0,0]],"threshold":[0,0,0]}