{"frame":[50],"penalty":[0.2],"refractory_step":[0.1],"response_values":[[-0.00000007450581,0.699999928474426,0.699999928474426,0.599999904632568,0,0.599999904632568,0,-0.00000007450581,0]],"reward":[0.3],"rp_values":[[-0.33300000429153,1,-0.33300000429153,-0.33300000429153,-0.33300000429153,-0.33300000429153,-0.33300000429153,-0.33300000429153,-0.33300000429153]],"score":[0.000799989652634281],"stimulus_values":[[0,2,0,0,0,0,0,0,0]],"threshold":[0.6]}