{"frame":[50,100,150,200,250,300,350,400,450,500,550,600,650,700,750,800,850,900,950,1000,1050,1100,1150,1200,1250,1300,1350,1400,1450,1500,1550,1600,1650],"penalty":[0.2,0.2,0.2,0.2,0.2,0.2,0.2,0.2,0.2,0.2,0.2,0.2,0.2,0.2,0.2,0.2,0.2,0.2,0.2,0.2,0.2,0.2,0.2,0.2,0.2,0.2,0.2,0.2,0.2,0.2,0.2,0.2,0.2],"refractory_step":[0.1,0.1,0.1,0.1,0.1,0.1,0.1,0.1,0.1,0.1,0.1,0.1,0.1,0.1,0.1,0.1,0.1,0.1,0.1,0.1,0.1,0.1,0.1,0.1,0.1,0.1,0.1,0.1,0.1,0.1,0.1,0.1,0.1],"response_values":[[-0.00000007450581,0.399999916553497,0.299999922513962,-0.00000007450581,0.599999904632568,-0.00000007450581,-0.00000007450581,-0.00000007450581,-0.00000007450581],[-0.00000007450581,0.399999916553497,0.299999922513962,-0.00000007450581,0.599999904632568,-0.00000007450581,-0.00000007450581,-0.00000007450581,-0.00000007450581],[-0.00000007450581,0.399999916553497,0.299999922513962,-0.00000007450581,0.599999904632568,-0.00000007450581,-0.00000007450581,-0.00000007450581,-0.00000007450581],[-0.00000007450581,0.399999916553497,0.299999922513962,-0.00000007450581,0.599999904632568,-0.00000007450581,-0.00000007450581,-0.00000007450581,-0.00000007450581],[-0.00000007450581,0.399999916553497,0.299999922513962,-0.00000007450581,0.599999904632568,-0.00000007450581,-0.00000007450581,-0.00000007450581,-0.00000007450581],[-0.00000007450581,0.399999916553497,0.299999922513962,-0.00000007450581,0.599999904632568,-0.00000007450581,-0.00000007450581,-0.00000007450581,-0.00000007450581],[-0.00000007450581,0.399999916553497,0.299999922513962,-0.00000007450581,0.599999904632568,-0.00000007450581,-0.00000007450581,-0.00000007450581,-0.00000007450581],[-0.00000007450581,0.399999916553497,0.299999922513962,-0.00000007450581,0.599999904632568,-0.00000007450581,-0.00000007450581,-0.00000007450581,-0.00000007450581],[-0.00000007450581,0.399999916553497,0.299999922513962,-0.00000007450581,0.599999904632568,-0.00000007450581,-0.00000007450581,-0.00000007450581,-0.00000007450581],[-0.00000007450581,0.399999916553497,0.299999922513962,-0.00000007450581,0.599999904632568,-0.00000007450581,-0.00000007450581,-0.00000007450581,-0.00000007450581],[-0.00000007450581,0.399999916553497,0.299999922513962,-0.00000007450581,0.599999904632568,-0.00000007450581,-0.00000007450581,-0.00000007450581,-0.00000007450581],[-0.00000007450581,0.399999916553497,0.299999922513962,-0.00000007450581,0.599999904632568,-0.00000007450581,-0.00000007450581,-0.00000007450581,-0.00000007450581],[-0.00000007450581,0.399999916553497,0.299999922513962,-0.00000007450581,0.599999904632568,-0.00000007450581,-0.00000007450581,-0.00000007450581,-0.00000007450581],[-0.00000007450581,0.399999916553497,0.299999922513962,-0.00000007450581,0.599999904632568,-0.00000007450581,-0.00000007450581,-0.00000007450581,-0.00000007450581],[-0.00000007450581,0.399999916553497,0.299999922513962,-0.00000007450581,0.599999904632568,-0.00000007450581,-0.00000007450581,-0.00000007450581,-0.00000007450581],[-0.00000007450581,0.399999916553497,0.299999922513962,-0.00000007450581,0.599999904632568,-0.00000007450581,-0.00000007450581,-0.00000007450581,-0.00000007450581],[-0.00000007450581,0.399999916553497,0.299999922513962,-0.00000007450581,0.599999904632568,-0.00000007450581,-0.00000007450581,-0.00000007450581,-0.00000007450581],[-0.00000007450581,0.399999916553497,0.299999922513962,-0.00000007450581,0.599999904632568,-0.00000007450581,-0.00000007450581,-0.00000007450581,-0.00000007450581],[-0.00000007450581,0.399999916553497,0.299999922513962,-0.00000007450581,0.599999904632568,-0.00000007450581,-0.00000007450581,-0.00000007450581,-0.00000007450581],[-0.00000007450581,0.399999916553497,0.299999922513962,-0.00000007450581,0.599999904632568,-0.00000007450581,-0.00000007450581,-0.00000007450581,-0.00000007450581],[-0.00000007450581,0.399999916553497,0.299999922513962,-0.00000007450581,0.599999904632568,-0.00000007450581,-0.00000007450581,-0.00000007450581,-0.00000007450581],[-0.00000007450581,0.399999916553497,0.299999922513962,-0.00000007450581,0.599999904632568,-0.00000007450581,-0.00000007450581,-0.00000007450581,-0.00000007450581],[-0.00000007450581,0.399999916553497,0.299999922513962,-0.00000007450581,0.599999904632568,-0.00000007450581,-0.00000007450581,-0.00000007450581,-0.00000007450581],[-0.00000007450581,0.399999916553497,0.299999922513962,-0.00000007450581,0.599999904632568,-0.00000007450581,-0.00000007450581,-0.00000007450581,-0.00000007450581],[-0.00000007450581,0.399999916553497,0.299999922513962,-0.00000007450581,0.599999904632568,-0.00000007450581,-0.00000007450581,-0.00000007450581,-0.00000007450581],[-0.00000007450581,0.399999916553497,0.299999922513962,-0.00000007450581,0.599999904632568,-0.00000007450581,-0.00000007450581,-0.00000007450581,-0.00000007450581],[-0.00000007450581,0.399999916553497,0.299999922513962,-0.00000007450581,0.599999904632568,-0.00000007450581,-0.00000007450581,-0.00000007450581,-0.00000007450581],[-0.00000007450581,0.399999916553497,0.299999922513962,-0.00000007450581,0.599999904632568,-0.00000007450581,-0.00000007450581,-0.00000007450581,-0.00000007450581],[-0.00000007450581,0.399999916553497,0.299999922513962,-0.00000007450581,0.599999904632568,-0.00000007450581,-0.00000007450581,-0.00000007450581,-0.00000007450581],[-0.00000007450581,0.399999916553497,0.299999922513962,-0.00000007450581,0.599999904632568,-0.00000007450581,-0.00000007450581,-0.00000007450581,-0.00000007450581],[-0.00000007450581,0.399999916553497,0.299999922513962,-0.00000007450581,0.599999904632568,-0.00000007450581,-0.00000007450581,-0.00000007450581,-0.00000007450581],[-0.00000007450581,0.399999916553497,0.299999922513962,-0.00000007450581,0.599999904632568,-0.00000007450581,-0.00000007450581,-0.00000007450581,-0.00000007450581],[-0.00000007450581,0.399999916553497,0.299999922513962,-0.00000007450581,0.599999904632568,-0.00000007450581,-0.00000007450581,-0.00000007450581,-0.00000007450581]],"reward":[0.3,0.3,0.3,0.3,0.3,0.3,0.3,0.3,0.3,0.3,0.3,0.3,0.3,0.3,0.3,0.3,0.3,0.3,0.3,0.3,0.3,0.3,0.3,0.3,0.3,0.3,0.3,0.3,0.3,0.3,0.3,0.3,0.3],