{"frame":[50,100,150,200,250,300,350,400,450,500,550,600,650],"penalty":[0.2,0.2,0.2,0.2,0.2,0.2,0.2,0.2,0.2,0.2,0.2,0.2,0.2],"refractory_step":[0.1,0.1,0.1,0.1,0.1,0.102,0.017,0.013,0.013,0.013,0.013,0.013,0.013],"response_values":[[-0.00000007450581,-0.00000007450581,0,-0.01999998092651,-0.00000007450581,0.687999725341797,-0.00000007450581,0.687999725341797,0],[-0.00000007450581,-0.00000007450581,0,-0.01999998092651,-0.00000007450581,0.687999725341797,-0.00000007450581,0.687999725341797,0],[-0.00000007450581,-0.00000007450581,0,-0.01999998092651,-0.00000007450581,0.687999725341797,-0.00000007450581,0.687999725341797,0],[-0.00000007450581,-0.00000007450581,0,-0.01999998092651,-0.00000007450581,0.687999725341797,-0.00000007450581,0.687999725341797,0],[-0.00000007450581,-0.00000007450581,0,-0.01999998092651,-0.00000007450581,0.687999725341797,-0.00000007450581,0.687999725341797,0],[-0.00000007450581,-0.00000007450581,0,-0.01999998092651,-0.00000007450581,0.687999725341797,-0.00000007450581,0.687999725341797,0],[-0.00000007450581,-0.00000007450581,0,-0.01999998092651,-0.00000007450581,0.687999725341797,-0.00000007450581,0.687999725341797,0],[-0.00000007450581,-0.00000007450581,0,-0.01999998092651,-0.00000007450581,0.687999725341797,-0.00000007450581,0.687999725341797,0],[-0.00000007450581,-0.00000007450581,0,-0.01999998092651,-0.00000007450581,0.687999725341797,-0.00000007450581,0.687999725341797,0],[-0.00000007450581,-0.00000007450581,0,-0.01999998092651,-0.00000007450581,0.687999725341797,-0.00000007450581,0.687999725341797,0],[-0.00000007450581,-0.00000007450581,0,-0.01999998092651,-0.00000007450581,0.687999725341797,-0.00000007450581,0.687999725341797,0],[-0.00000007450581,-0.00000007450581,0,-0.01999998092651,-0.00000007450581,0.687999725341797,-0.00000007450581,0.687999725341797,0],[-0.00000007450581,-0.00000007450581,0,-0.01999998092651,-0.00000007450581,0.687999725341797,-0.00000007450581,0.687999725341797,0]],"reward":[0.3,0.3,0.3,0.3,0.3,0.3,0.3,0.3,0.3,0.3,0.3,0.3,0.3],"rp_values":[[-0.33300000429153,-0.33300000429153,-0.33300000429153,-0.33300000429153,-0.33300000429153,-0.33300000429153,-0.33300000429153,1,-0.33300000429153],[-0.33300000429153,-0.33300000429153,-0.33300000429153,-0.33300000429153,-0.33300000429153,-0.33300000429153,-0.33300000429153,1,-0.33300000429153],[-0.33300000429153,-0.33300000429153,-0.33300000429153,-0.33300000429153,-0.33300000429153,-0.33300000429153,-0.33300000429153,1,-0.33300000429153],[-0.33300000429153,-0.33300000429153,-0.33300000429153,-0.33300000429153,-0.33300000429153,-0.33300000429153,-0.33300000429153,1,-0.33300000429153],[-0.33300000429153,-0.33300000429153,-0.33300000429153,-0.33300000429153,-0.33300000429153,-0.33300000429153,-0.33300000429153,1,-0.33300000429153],[-0.33300000429153,-0.33300000429153,-0.33300000429153,-0.33300000429153,-0.33300000429153,-0.33300000429153,-0.33300000429153,1,-0.33300000429153],[-0.33300000429153,-0.33300000429153,-0.33300000429153,-0.33300000429153,-0.33300000429153,-0.33300000429153,-0.33300000429153,1,-0.33300000429153],[-0.33300000429153,-0.33300000429153,-0.33300000429153,-0.33300000429153,-0.33300000429153,-0.33300000429153,-0.33300000429153,1,-0.33300000429153],[-0.33300000429153,-0.33300000429153,-0.33300000429153,-0.33300000429153,-0.33300000429153,-0.33300000429153,-0.33300000429153,1,-0.33300000429153],[-0.33300000429153,-0.33300000429153,-0.33300000429153,-0.33300000429153,-0.33300000429153,-0.33300000429153,-0.33300000429153,1,-0.33300000429153],[-0.33300000429153,-0.33300000429153,-0.33300000429153,-0.33300000429153,-0.33300000429153,-0.33300000429153,-0.33300000429153,1,-0.33300000429153],[-0.33300000429153,-0.33300000429153,-0.33300000429153,-0.33300000429153,-0.33300000429153,-0.33300000429153,-0.33300000429153,1,-0.33300000429153],[-0.33300000429153,-0.33300000429153,-0.33300000429153,-0.33300000429153,-0.33300000429153,-0.33300000429153,-0.33300000429153,1,-0.33300000429153]],"score":[0,0,0,0,0,-0.129204005476,0.655660982741356,0.213439675805571,0.450224806272985,0.0166745988510575,0.259462639569762,0.5022508517375,0.068700592135432],"stimulus_values":[[0,0,0,0,0,0,0,2,0],[0,0,0,0,0,0,0,2,0],[0,0,0,0,0,0,0,2,0],[0,0,0,0,0,0,0,2,0],[0,0,0,0,0,0,0,2,0],[0,0,0,0,0,0,0,2,0],[0,0,0,0,0,0,0,2,0],[0,0,0,0,0,0,0,2,0],[0,0,0,0,0,0,0,2,0],[0,0,0,0,0,0,0,2,0],[0,0,0,0,0,0,0,2,0],[0,0,0,0,0,0,0,2,0],[0,0,0,0,0,0,0,2,0]],"threshold":[0.6,0.6,0.6,0.6,0.6,0.6,0.6,0.6,0.6,0.6,0.6,0.6,0.6]}