{"frame":[50,100,150,200,250,300,350],"penalty":[0.2,0.2,0.2,0.2,0.2,0.2,0.2],"refractory_step":[0.1,0.1,0.1,0.1,0.1,0.1,0.1],"response_values":[[0.899999976158142,0.899999976158142,-0.00000007450581,-0.00000007450581,0.899999976158142,-0.00000007450581,0.899999976158142,-0.00000007450581,-0.00000007450581],[0.899999976158142,0.899999976158142,-0.00000007450581,-0.00000007450581,0.899999976158142,-0.00000007450581,0.899999976158142,-0.00000007450581,-0.00000007450581],[0.899999976158142,0.899999976158142,-0.00000007450581,-0.00000007450581,0.899999976158142,-0.00000007450581,0.899999976158142,-0.00000007450581,-0.00000007450581],[0.899999976158142,0.899999976158142,-0.00000007450581,-0.00000007450581,0.899999976158142,-0.00000007450581,0.899999976158142,-0.00000007450581,-0.00000007450581],[0.899999976158142,0.899999976158142,-0.00000007450581,-0.00000007450581,0.899999976158142,-0.00000007450581,0.899999976158142,-0.00000007450581,-0.00000007450581],[0.899999976158142,0.899999976158142,-0.00000007450581,-0.00000007450581,0.899999976158142,-0.00000007450581,0.899999976158142,-0.00000007450581,-0.00000007450581],[0.899999976158142,0.899999976158142,-0.00000007450581,-0.00000007450581,0.899999976158142,-0.00000007450581,0.899999976158142,-0.00000007450581,-0.00000007450581]],"reward":[0.3,0.3,0.3,0.3,0.3,0.3,0.3],"rp_values":[[-0.33300000429153,-0.33300000429153,-0.33300000429153,-0.33300000429153,-0.33300000429153,-0.33300000429153,1,-0.33300000429153,-0.33300000429153],[-0.33300000429153,-0.33300000429153,-0.33300000429153,-0.33300000429153,-0.33300000429153,-0.33300000429153,1,-0.33300000429153,-0.33300000429153],[-0.33300000429153,-0.33300000429153,-0.33300000429153,-0.33300000429153,-0.33300000429153,-0.33300000429153,1,-0.33300000429153,-0.33300000429153],[-0.33300000429153,-0.33300000429153,-0.33300000429153,-0.33300000429153,-0.33300000429153,-0.33300000429153,1,-0.33300000429153,-0.33300000429153],[-0.33300000429153,-0.33300000429153,-0.33300000429153,-0.33300000429153,-0.33300000429153,-0.33300000429153,1,-0.33300000429153,-0.33300000429153],[-0.33300000429153,-0.33300000429153,-0.33300000429153,-0.33300000429153,-0.33300000429153,-0.33300000429153,1,-0.33300000429153,-0.33300000429153],[-0.33300000429153,-0.33300000429153,-0.33300000429153,-0.33300000429153,-0.33300000429153,-0.33300000429153,1,-0.33300000429153,-0.33300000429153]],"score":[-0.66530001766682,-0.46549990542978,0,0,0,0,0],"stimulus_values":[[0,0,0,0,0,0,2,0,0],[0,0,0,0,0,0,2,0,0],[0,0,0,0,0,0,2,0,0],[0,0,0,0,0,0,2,0,0],[0,0,0,0,0,0,2,0,0],[0,0,0,0,0,0,2,0,0],[0,0,0,0,0,0,2,0,0]],"threshold":[0,0,0.743,0.712,0.712,0.712,0.712]}