{"frame":[50,100,150,200,250,300,350,400,450,500,550,600,650,700,750,800,850,900,950,1000,1050,1100,1150,1200,1250,1300,1350,1400,1450,1500,1550,1600,1650,1700,1750,1800,1850,1900,1950,2000,2050,2100,2150,2200,2250,2300,2350,2400,2450],"penalty":[0.2,0.2,0.2,0.2,0.2,0.2,0.2,0.2,0.2,0.2,0.2,0.2,0.2,0.2,0.2,0.2,0.2,0.2,0.2,0.2,0.2,0.2,0.2,0.2,0.2,0.2,0.2,0.2,0.2,0.2,0.2,0.2,0.206,0.062,0.211,0.211,0.211,0.211,0.211,0.211,0.211,0.211,0.211,0.211,0.211,0.211,0.211,0.211,0.211],"refractory_step":[0.1,0.1,0.1,1.735,1.963,0.952,0.824,1.073,1.073,0.666,0.36,0.446,0.446,0.09,0.09,0.104,0.225,0.552,0.56,0.303,0.254,0.211,0.211,0.211,0.211,0.211,0.211,0.211,0.211,0.211,0.211,0.211,0.211,0.211,0.211,0.211,0.211,0.211,0.211,0.211,0.211,0.211,0.211,0.211,0.211,0.211,0.211,0.211,0.211],"response_values":[[0.578000068664551,0.578000068664551,-0.05499991774559,-0.05499991774559,0.789000034332275,-0.05499991774559,-0.05499991774559,-0.05499991774559,-0.05499991774559],[0.578000068664551,0.578000068664551,-0.05499991774559,-0.05499991774559,0.789000034332275,-0.05499991774559,-0.05499991774559,-0.05499991774559,-0.05499991774559],[0.578000068664551,0.578000068664551,-0.05499991774559,-0.05499991774559,0.789000034332275,-0.05499991774559,-0.05499991774559,-0.05499991774559,-0.05499991774559],[0.578000068664551,0.578000068664551,-0.05499991774559,-0.05499991774559,0.789000034332275,-0.05499991774559,-0.05499991774559,-0.05499991774559,-0.05499991774559],[0.578000068664551,0.578000068664551,-0.05499991774559,-0.05499991774559,0.789000034332275,-0.05499991774559,-0.05499991774559,-0.05499991774559,-0.05499991774559],[0.578000068664551,0.578000068664551,-0.05499991774559,-0.05499991774559,0.789000034332275,-0.05499991774559,-0.05499991774559,-0.05499991774559,-0.05499991774559],[0.578000068664551,0.578000068664551,-0.05499991774559,-0.05499991774559,0.789000034332275,-0.05499991774559,-0.05499991774559,-0.05499991774559,-0.05499991774559],[0.578000068664551,0.578000068664551,-0.05499991774559,-0.05499991774559,0.789000034332275,-0.05499991774559,-0.05499991774559,-0.05499991774559,-0.05499991774559],[0.578000068664551,0.578000068664551,-0.05499991774559,-0.05499991774559,0.789000034332275,-0.05499991774559,-0.05499991774559,-0.05499991774559,-0.05499991774559],[0.578000068664551,0.578000068664551,-0.05499991774559,-0.05499991774559,0.789000034332275,-0.05499991774559,-0.05499991774559,-0.05499991774559,-0.05499991774559],[0.578000068664551,0.578000068664551,-0.05499991774559,-0.05499991774559,0.789000034332275,-0.05499991774559,-0.05499991774559,-0.05499991774559,-0.05499991774559],[0.578000068664551,0.578000068664551,-0.05499991774559,-0.05499991774559,0.789000034332275,-0.05499991774559,-0.05499991774559,-0.05499991774559,-0.05499991774559],[0.578000068664551,0.578000068664551,-0.05499991774559,-0.05499991774559,0.789000034332275,-0.05499991774559,-0.05499991774559,-0.05499991774559,-0.05499991774559],[0.578000068664551,0.578000068664551,-0.05499991774559,-0.05499991774559,0.789000034332275,-0.05499991774559,-0.05499991774559,-0.05499991774559,-0.05499991774559],[0.578000068664551,0.578000068664551,-0.05499991774559,-0.05499991774559,0.789000034332275,-0.05499991774559,-0.05499991774559,-0.05499991774559,-0.05499991774559],[0.578000068664551,0.578000068664551,-0.05499991774559,-0.05499991774559,0.789000034332275,-0.05499991774559,-0.05499991774559,-0.05499991774559,-0.05499991774559],[0.578000068664551,0.578000068664551,-0.05499991774559,-0.05499991774559,0.789000034332275,-0.05499991774559,-0.05499991774559,-0.05499991774559,-0.05499991774559],[0.578000068664551,0.578000068664551,-0.05499991774559,-0.05499991774559,0.789000034332275,-0.05499991774559,-0.05499991774559,-0.05499991774559,-0.05499991774559],[0.578000068664551,0.578000068664551,-0.05499991774559,-0.05499991774559,0.789000034332275,-0.05499991774559,-0.05499991774559,-0.05499991774559,-0.05499991774559],[0.578000068664551,0.578000068664551,-0.05499991774559,-0.05499991774559,0.789000034332275,-0.05499991774559,-0.05499991774559,-0.05499991774559,-0.05499991774559],[0.578000068664551,0.578000068664551,-0.05499991774559,-0.05499991774559,0.789000034332275,-0.05499991774559,-0.05499991774559,-0.05499991774559,-0.05499991774559],[0.578000068664551,0.578000068664551,-0.05499991774559,-0.05499991774559,0.789000034332275,-0.05499991774559,-0.05499991774559,-0.05499991774559,-0.05499991774559],[0.578000068664551,0.578000068664551,-0.05499991774559,-0.05499991774559,0.789000034332275,-0.05499991774559,-0.05499991774559,-0.05499991774559,-0.05499991774559],[0.578000068664551,0.578000068664551,-0.05499991774559,-0.05499991774559,0.789000034332275,-0.05499991774559,-0.05499991774559,-0.05499991774559,-0.05499991774559],[0.578000068664551,0.578000068664551,-0.05499991774559,-0.05499991774559,0.789000034332275,-0.05499991774559,-0.05499991774559,-0.05499991774559,-0.05499991774559],[0.578000068664551,0.578000068664551,-0.05499991774559,-0.05499991774559,0.789000034332275,-0.05499991774559,-0.05499991774559,-0.05499991774559,-0.05499991774559],[0.578000068664551,0.578000068664551,-0.05499991774559,-0.05499991774559,0.789000034332275,-0.05499991774559,-0.05499991774559,-0.05499991774559,-0.05499991774559],[0.578000068664551,0.578000068664551,-0.05499991774559,-0.05499991774559,0.789000034332275,-0.05499991774559,-0.05499991774559,-0.05499991774559,-0.05499991774559],[0.578000068664551,0.578000068664551,-0.05499991774559,-0.05499991774559,0.789000034332275,-0.05499991774559,-0.05499991774559,-0.05499991774559,-0.05499991774559],[0.578000068664551,0.578000068664551,-0.05499991774559,-0.05499991774559,0.789000034332275,-0.05499991774559,-0.05499991774559,-0.05499991774559,-0.05499991774559],[0.578000068664551,0.578000068664551,-0.05499991774559,-0.05499991774559,0.789000034332275,-0.05499991774559,-0.05499991774559,-0.05499991774559,-0.05499991774559],[0.578000068664551,0.578000068664551,-0.05499991774559,-0.05499991774559,0.789000034332275,-0.05499991774559,-0.05499991774559,-0.05499991774559,-0.05499991774559],[0.578000068664551,0.578000068664551,-0.05499991774559,-0.05499991774559,0.789000034332275,-0.05499991774559,-0.05499991774559,-0.05499991774559,-0.05499991774559],[0.578000068664551,0.578000068664551,-0.05499991774559,-0.05499991774559,0.789000034332275,-0.05499991774559,-0.05499991774559,-0.05499991774559,-0.05499991774559],[0.578000068664551,0.578000068664551,-0.05499991774559,-0.05499991774559,0.789000034332275,-0.05499991774559,-0.05499991774559,-0.05499991774559,-0.05499991774559],[0.578000068664551,0.578000068664551,-0.05499991774559,-0.05499991774559,0.789000034332275,-0.05499991774559,-0.05499991774559,-0.05499991774559,-0.05499991774559],[0.578000068664551,0.578000068664551,-0.05499991774559,-0.05499991774559,0.789000034332275,-0.05499991774559,-0.05499991774559,-0.05499991774559,-0.05499991774559],[0.578000068664551,0.578000068664551,-0.05499991774559,-0.05499991774559,0.789000034332275,-0.05499991774559,-0.05499991774559,-0.05499991774559,-0.05499991774559],[0.578000068664551,0.578000068664551,-0.05499991774559,-0.05499991774559,0.789000034332275,-0.05499991774559,-0.05499991774559,-0.05499991774559,-0.05499991774559],[0.578000068664551,0.578000068664551,-0.05499991774559,-0.05499991774559,0.789000034332275,-0.05499991774559,-0.05499991774559,-0.05499991774559,-0.05499991774559],[0.578000068664551,0.578000068664551,-0.05499991774559,-0.05499991774559,0.789000034332275,-0.05499991774559,-0.05499991774559,-0.05499991774559,-0.05499991774559],[0.578000068664551,0.578000068664551,-0.05499991774559,-0.05499991774559,0.789000034332275,-0.05499991774559,-0.05499991774559,-0.05499991774559,-0.05499991774559],[0.578000068664551,0.578000068664551,-0.05499991774559,-0.05499991774559,0.789000034332275,-0.05499991774559,-0.05499991774559,-0.05499991774559,-0.05499991774559],[0.578000068664551,0.578000068664551,-0.05499991774559,-0.05499991774559,0.789000034332275,-0.05499991774559,-0.05499991774559,-0.05499991774559,