{"frame":[50],"penalty":[0],"refractory_step":[0.1],"response_values":[[0.499999910593033,0.599999904632568,0.599999904632568,0.399999916553497,0.399999916553497,-0.00000007450581,0.199999928474426,0.399999916553497,0.299999922513962]],"reward":[0],"rp_values":[[-0.33300000429153,-0.33300000429153,-0.33300000429153,-0.33300000429153,-0.33300000429153,-0.33300000429153,-0.33300000429153,-0.33300000429153,1]],"score":[-1.19829997037053],"stimulus_values":[[0,0,0,0,0,0,0,0,2]],"threshold":[0]}