{"frame":[50,100,150,200],"penalty":[0.652,0.652,0.652,0.652],"refractory_step":[0.069,0.069,0.069,0.069],"response_values":[[-0.03500006347895,-0.03500006347895,0,-0.03500006347895,0,0,-0.03500006347895,0,0],[-0.03500006347895,-0.03500006347895,0,-0.03500006347895,0,0,-0.03500006347895,0,0],[-0.03500006347895,-0.03500006347895,0,-0.03500006347895,0,0,-0.03500006347895,0,0],[-0.03500006347895,-0.03500006347895,0,-0.03500006347895,0,0,-0.03500006347895,0,0]],"reward":[1.292,1.292,1.292,1.292],"rp_values":[[-0.33300000429153,-0.33300000429153,-0.33300000429153,-0.33300000429153,-0.33300000429153,-0.33300000429153,1,1,1],[-0.33300000429153,-0.33300000429153,-0.33300000429153,-0.33300000429153,-0.33300000429153,-0.33300000429153,1,1,1],[-0.33300000429153,-0.33300000429153,-0.33300000429153,-0.33300000429153,-0.33300000429153,-0.33300000429153,1,1,1],[-0.33300000429153,-0.33300000429153,-0.33300000429153,-0.33300000429153,-0.33300000429153,-0.33300000429153,1,1,1]],"score":[-0.03429897815233,-0.41325298436594,0,0],"stimulus_values":[[0,2,0,0,2,0,0,2,0],[0,2,0,0,2,0,0,2,0],[0,2,0,0,2,0,0,2,0],[0,2,0,0,2,0,0,2,0]],"threshold":[1.078,1.078,1.078,1.078]}