{"frame":[50,100,150,200,250,300,350,400,450,500,550,600,650,700,750,800,850,900,950,1000,1050,1100,1150,1200,1250,1300,1350],"penalty":[0,0,0,0,0,0,0,0,0,0,0,0,0,0,0,0,0,0,0,0,0,0,0,0,0,0,0],"refractory_step":[0.1,0.1,0.1,0.1,0.1,0.1,0.1,0.1,0.1,0.1,0.045,0.034,0.034,0.066,0.14,0.14,0.14,0.14,0.14,0.14,0.073,0.073,0.073,0.073,0.073,0.073,0.073],"response_values":[[-0.02200013399124,-0.02200013399124,0.415999889373779,0.0509998649358749,0.853999972343445,0.561999917030334,-0.02200013399124,0.853999972343445,0.415999889373779],[-0.02200013399124,-0.02200013399124,0.415999889373779,0.0509998649358749,0.853999972343445,0.561999917030334,-0.02200013399124,0.853999972343445,0.415999889373779],[-0.02200013399124,-0.02200013399124,0.415999889373779,0.0509998649358749,0.853999972343445,0.561999917030334,-0.02200013399124,0.853999972343445,0.415999889373779],[-0.02200013399124,-0.02200013399124,0.415999889373779,0.0509998649358749,0.853999972343445,0.561999917030334,-0.02200013399124,0.853999972343445,0.415999889373779],[-0.02200013399124,-0.02200013399124,0.415999889373779,0.0509998649358749,0.853999972343445,0.561999917030334,-0.02200013399124,0.853999972343445,0.415999889373779],[-0.02200013399124,-0.02200013399124,0.415999889373779,0.0509998649358749,0.853999972343445,0.561999917030334,-0.02200013399124,0.853999972343445,0.415999889373779],[-0.02200013399124,-0.02200013399124,0.415999889373779,0.0509998649358749,0.853999972343445,0.561999917030334,-0.02200013399124,0.853999972343445,0.415999889373779],[-0.02200013399124,-0.02200013399124,0.415999889373779,0.0509998649358749,0.853999972343445,0.561999917030334,-0.02200013399124,0.853999972343445,0.415999889373779],[-0.02200013399124,-0.02200013399124,0.415999889373779,0.0509998649358749,0.853999972343445,0.561999917030334,-0.02200013399124,0.853999972343445,0.415999889373779],[-0.02200013399124,-0.02200013399124,0.415999889373779,0.0509998649358749,0.853999972343445,0.561999917030334,-0.02200013399124,0.853999972343445,0.415999889373779],[-0.02200013399124,-0.02200013399124,0.415999889373779,0.0509998649358749,0.853999972343445,0.561999917030334,-0.02200013399124,0.853999972343445,0.415999889373779],[-0.02200013399124,-0.02200013399124,0.415999889373779,0.0509998649358749,0.853999972343445,0.561999917030334,-0.02200013399124,0.853999972343445,0.415999889373779],[-0.02200013399124,-0.02200013399124,0.415999889373779,0.0509998649358749,0.853999972343445,0.561999917030334,-0.02200013399124,0.853999972343445,0.415999889373779],[-0.02200013399124,-0.02200013399124,0.415999889373779,0.0509998649358749,0.853999972343445,0.561999917030334,-0.02200013399124,0.853999972343445,0.415999889373779],[-0.02200013399124,-0.02200013399124,0.415999889373779,0.0509998649358749,0.853999972343445,0.561999917030334,-0.02200013399124,0.853999972343445,0.415999889373779],[-0.02200013399124,-0.02200013399124,0.415999889373779,0.0509998649358749,0.853999972343445,0.561999917030334,-0.02200013399124,0.853999972343445,0.415999889373779],[-0.02200013399124,-0.02200013399124,0.415999889373779,0.0509998649358749,0.853999972343445,0.561999917030334,-0.02200013399124,0.853999972343445,0.415999889373779],[-0.02200013399124,-0.02200013399124,0.415999889373779,0.0509998649358749,0.853999972343445,0.561999917030334,-0.02200013399124,0.853999972343445,0.415999889373779],[-0.02200013399124,-0.02200013399124,0.415999889373779,0.0509998649358749,0.853999972343445,0.561999917030334,-0.02200013399124,0.853999972343445,0.415999889373779],[-0.02200013399124,-0.02200013399124,0.415999889373779,0.0509998649358749,0.853999972343445,0.561999917030334,-0.02200013399124,0.853999972343445,0.415999889373779],[-0.02200013399124,-0.02200013399124,0.415999889373779,0.0509998649358749,0.853999972343445,0.561999917030334,-0.02200013399124,0.853999972343445,0.415999889373779],[-0.02200013399124,-0.02200013399124,0.415999889373779,0.0509998649358749,0.853999972343445,0.561999917030334,-0.02200013399124,0.853999972343445,0.415999889373779],[-0.02200013399124,-0.02200013399124,0.415999889373779,0.0509998649358749,0.853999972343445,0.561999917030334,-0.02200013399124,0.853999972343445,0.415999889373779],[-0.02200013399124,-0.02200013399124,0.415999889373779,0.0509998649358749,0.853999972343445,0.561999917030334,-0.02200013399124,0.853999972343445,0.415999889373779],[-0.02200013399124,-0.02200013399124,0.415999889373779,0.0509998649358749,0.853999972343445,0.561999917030334,-0.02200013399124,0.853999972343445,0.415999889373779],[-0.02200013399124,-0.02200013399124,0.415999889373779,0.0509998649358749,0.853999972343445,0.561999917030334,-0.02200013399124,0.853999972343445,0.415999889373779],[-0.02200013399124,-0.02200013399124,0.415999889373779,0.0509998649358749,0.853999972343445,0.561999917030334,-0.02200013399124,0.853999972343445,0.415999889373779]],"reward":[0,0,0,0,0,0,0,0,0,0,0,0,0,0,0,0,0,0,0,0,0,0,0,0,0,0,0],