{"frame":[50,100,150,200,250,300,350,400,450,500],"penalty":[0.2,0.2,0.2,0.2,0.2,0.2,0.2,0.2,0.2,0.2],"refractory_step":[0.1,0.1,0.1,0.1,0.1,0.1,0.1,0.1,0.1,0.1],"response_values":[[-0.00000007450581,-0.00000007450581,-0.00000007450581,-0.00000007450581,0.599999904632568,-0.00000007450581,-0.00000007450581,-0.00000007450581,0.799999952316284],[-0.00000007450581,-0.00000007450581,-0.00000007450581,-0.00000007450581,0.599999904632568,-0.00000007450581,-0.00000007450581,-0.00000007450581,0.799999952316284],[-0.00000007450581,-0.00000007450581,-0.00000007450581,-0.00000007450581,0.599999904632568,-0.00000007450581,-0.00000007450581,-0.00000007450581,0.799999952316284],[-0.00000007450581,-0.00000007450581,-0.00000007450581,-0.00000007450581,0.599999904632568,-0.00000007450581,-0.00000007450581,-0.00000007450581,0.799999952316284],[-0.00000007450581,-0.00000007450581,-0.00000007450581,-0.00000007450581,0.599999904632568,-0.00000007450581,-0.00000007450581,-0.00000007450581,0.799999952316284],[-0.00000007450581,-0.00000007450581,-0.00000007450581,-0.00000007450581,0.599999904632568,-0.00000007450581,-0.00000007450581,-0.00000007450581,0.799999952316284],[-0.00000007450581,-0.00000007450581,-0.00000007450581,-0.00000007450581,0.599999904632568,-0.00000007450581,-0.00000007450581,-0.00000007450581,0.799999952316284],[-0.00000007450581,-0.00000007450581,-0.00000007450581,-0.00000007450581,0.599999904632568,-0.00000007450581,-0.00000007450581,-0.00000007450581,0.799999952316284],[-0.00000007450581,-0.00000007450581,-0.00000007450581,-0.00000007450581,0.599999904632568,-0.00000007450581,-0.00000007450581,-0.00000007450581,0.799999952316284],[-0.00000007450581,-0.00000007450581,-0.00000007450581,-0.00000007450581,0.599999904632568,-0.00000007450581,-0.00000007450581,-0.00000007450581,0.799999952316284]],"reward":[0.3,0.3,0.3,0.3,0.3,0.3,0.3,0.3,0.3,0.3],"rp_values":[[-0.33300000429153,-0.33300000429153,-0.33300000429153,-0.33300000429153,1,-0.33300000429153,-0.33300000429153,-0.33300000429153,-0.33300000429153],[-0.33300000429153,-0.33300000429153,-0.33300000429153,-0.33300000429153,1,-0.33300000429153,-0.33300000429153,-0.33300000429153,-0.33300000429153],[-0.33300000429153,-0.33300000429153,-0.33300000429153,-0.33300000429153,1,-0.33300000429153,-0.33300000429153,-0.33300000429153,-0.33300000429153],[-0.33300000429153,-0.33300000429153,-0.33300000429153,-0.33300000429153,1,-0.33300000429153,-0.33300000429153,-0.33300000429153,-0.33300000429153],[-0.33300000429153,-0.33300000429153,-0.33300000429153,-0.33300000429153,1,-0.33300000429153,-0.33300000429153,-0.33300000429153,-0.33300000429153],[-0.33300000429153,-0.33300000429153,-0.33300000429153,-0.33300000429153,1,-0.33300000429153,-0.33300000429153,-0.33300000429153,-0.33300000429153],[-0.33300000429153,-0.33300000429153,-0.33300000429153,-0.33300000429153,1,-0.33300000429153,-0.33300000429153,-0.33300000429153,-0.33300000429153],[-0.33300000429153,-0.33300000429153,-0.33300000429153,-0.33300000429153,1,-0.33300000429153,-0.33300000429153,-0.33300000429153,-0.33300000429153],[-0.33300000429153,-0.33300000429153,-0.33300000429153,-0.33300000429153,1,-0.33300000429153,-0.33300000429153,-0.33300000429153,-0.33300000429153],[-0.33300000429153,-0.33300000429153,-0.33300000429153,-0.33300000429153,1,-0.33300000429153,-0.33300000429153,-0.33300000429153,-0.33300000429153]],"score":[0,-0.09989995315522,-0.09989995315522,1,0.399999916553497,0.899999976158142,0.299999922513962,0.46699994802475,0.0667999545454983,0.400299932551384],"stimulus_values":[[0,0,0,0,2,0,0,0,0],[0,0,0,0,2,0,0,0,0],[0,0,0,0,2,0,0,0,0],[0,0,0,0,2,0,0,0,0],[0,0,0,0,2,0,0,0,0],[0,0,0,0,2,0,0,0,0],[0,0,0,0,2,0,0,0,0],[0,0,0,0,2,0,0,0,0],[0,0,0,0,2,0,0,0,0],[0,0,0,0,2,0,0,0,0]],"threshold":[0.4,0.4,0.4,0.4,0.4,0.4,0.4,0.4,0.4,0.4]}