{"frame":[50,100,150],"penalty":[0.2,0.2,0.2],"refractory_step":[0.1,0.1,0.1],"response_values":[[-0.00000007450581,0.399999916553497,0.399999916553497,0,-0.00000007450581,0.399999916553497,0,0,0],[-0.00000007450581,0.399999916553497,0.399999916553497,0,-0.00000007450581,0.399999916553497,0,0,0],[-0.00000007450581,0.399999916553497,0.399999916553497,0,-0.00000007450581,0.399999916553497,0,0,0]],"reward":[0.3,0.3,0.3],"rp_values":[[-0.33300000429153,1,-0.33300000429153,-0.33300000429153,-0.33300000429153,-0.33300000429153,-0.33300000429153,-0.33300000429153,-0.33300000429153],[-0.33300000429153,1,-0.33300000429153,-0.33300000429153,-0.33300000429153,-0.33300000429153,-0.33300000429153,-0.33300000429153,-0.33300000429153],[-0.33300000429153,1,-0.33300000429153,-0.33300000429153,-0.33300000429153,-0.33300000429153,-0.33300000429153,-0.33300000429153,-0.33300000429153]],"score":[0,0,0.166999965846539],"stimulus_values":[[0,2,0,0,0,0,0,0,0],[0,2,0,0,0,0,0,0,0],[0,2,0,0,0,0,0,0,0]],"threshold":[0.6,0.6,0.6]}