{"frame":[50,100,150,200,250],"penalty":[0.2,0.2,0.2,0.2,0.2],"refractory_step":[0.1,0.1,0.1,0.1,0.1],"response_values":[[-0.00000007450581,-0.00000007450581,-0.00000007450581,0.899999976158142,-0.00000007450581,-0.00000007450581,0.499999910593033,0.599999904632568,-0.00000007450581],[-0.00000007450581,-0.00000007450581,-0.00000007450581,0.899999976158142,-0.00000007450581,-0.00000007450581,0.499999910593033,0.599999904632568,-0.00000007450581],[-0.00000007450581,-0.00000007450581,-0.00000007450581,0.899999976158142,-0.00000007450581,-0.00000007450581,0.499999910593033,0.599999904632568,-0.00000007450581],[-0.00000007450581,-0.00000007450581,-0.00000007450581,0.899999976158142,-0.00000007450581,-0.00000007450581,0.499999910593033,0.599999904632568,-0.00000007450581],[-0.00000007450581,-0.00000007450581,-0.00000007450581,0.899999976158142,-0.00000007450581,-0.00000007450581,0.499999910593033,0.599999904632568,-0.00000007450581]],"reward":[0.3,0.3,0.3,0.3,0.3],"rp_values":[[-0.33300000429153,-0.33300000429153,-0.33300000429153,-0.33300000429153,-0.33300000429153,-0.33300000429153,-0.33300000429153,1,-0.33300000429153],[-0.33300000429153,-0.33300000429153,-0.33300000429153,-0.33300000429153,-0.33300000429153,-0.33300000429153,-0.33300000429153,1,-0.33300000429153],[-0.33300000429153,-0.33300000429153,-0.33300000429153,-0.33300000429153,-0.33300000429153,-0.33300000429153,-0.33300000429153,1,-0.33300000429153],[-0.33300000429153,-0.33300000429153,-0.33300000429153,-0.33300000429153,-0.33300000429153,-0.33300000429153,-0.33300000429153,1,-0.33300000429153],[-0.33300000429153,-0.33300000429153,-0.33300000429153,-0.33300000429153,-0.33300000429153,-0.33300000429153,-0.33300000429153,1,-0.33300000429153]],"score":[-1.23199997109175,0.134200099992754,0,-0.03329997611493,0.700300004076958],"stimulus_values":[[0,0,0,0,0,0,0,2,0],[0,0,0,0,0,0,0,2,0],[0,0,0,0,0,0,0,2,0],[0,0,0,0,0,0,0,2,0],[0,0,0,0,0,0,0,2,0]],"threshold":[0,0,0.755,0.718,0.718]}