{"frame":[50,100,150,200,250],"penalty":[0.2,0.2,0.2,0.2,0.2],"refractory_step":[0.1,0.1,0.1,0.1,0.1],"response_values":[[-0.00000007450581,0.899999976158142,-0.00000007450581,-0.00000007450581,-0.00000007450581,1,0,0.899999976158142,-0.00000007450581],[-0.00000007450581,0.899999976158142,-0.00000007450581,-0.00000007450581,-0.00000007450581,1,0,0.899999976158142,-0.00000007450581],[-0.00000007450581,0.899999976158142,-0.00000007450581,-0.00000007450581,-0.00000007450581,1,0,0.899999976158142,-0.00000007450581],[-0.00000007450581,0.899999976158142,-0.00000007450581,-0.00000007450581,-0.00000007450581,1,0,0.899999976158142,-0.00000007450581],[-0.00000007450581,0.899999976158142,-0.00000007450581,-0.00000007450581,-0.00000007450581,1,0,0.899999976158142,-0.00000007450581]],"reward":[0.3,0.3,0.3,0.3,0.3],"rp_values":[[-0.33300000429153,1,-0.33300000429153,-0.33300000429153,-0.33300000429153,-0.33300000429153,-0.33300000429153,-0.33300000429153,-0.33300000429153],[-0.33300000429153,1,-0.33300000429153,-0.33300000429153,-0.33300000429153,-0.33300000429153,-0.33300000429153,-0.33300000429153,-0.33300000429153],[-0.33300000429153,1,-0.33300000429153,-0.33300000429153,-0.33300000429153,-0.33300000429153,-0.33300000429153,-0.33300000429153,-0.33300000429153],[-0.33300000429153,1,-0.33300000429153,-0.33300000429153,-0.33300000429153,-0.33300000429153,-0.33300000429153,-0.33300000429153,-0.33300000429153],[-0.33300000429153,1,-0.33300000429153,-0.33300000429153,-0.33300000429153,-0.33300000429153,-0.33300000429153,-0.33300000429153,-0.33300000429153]],"score":[0,0.100400011135639,0.666999995708466,-0.06620000212192,0.267299975943565],"stimulus_values":[[0,2,0,0,0,0,0,0,0],[0,2,0,0,0,0,0,0,0],[0,2,0,0,0,0,0,0,0],[0,2,0,0,0,0,0,0,0],[0,2,0,0,0,0,0,0,0]],"threshold":[0.6,0.6,0.6,0.6,0.6]}