{"frame":[50,100,150,200,250,300,350,400,450,500,550,600,650,700,750,800,850,900,950,1000,1050,1100,1150,1200,1250,1300,1350],"penalty":[0.2,0.2,0.2,0.2,0.2,0.2,0.2,0.2,0.2,0.2,0.2,0.2,0.2,0.2,0.2,0.2,0.2,0.2,0.2,0.2,0.2,0.2,0.2,0.2,0.2,0.2,0.2],"refractory_step":[0.1,0.1,0.061,0.034,0.016,0.014,0.014,0.014,0.014,0.014,0.014,0.014,0.014,0.014,0.014,0.014,0.014,0.014,0.014,0.014,0.014,0.014,0.228,0.3,0.044,0.016,0.016],"response_values":[[0,0.888000190258026,0.0880007743835449,-0.08800002932549,0.888000190258026,-0.00600001215935,0.0030000451952219,-0.05400003492832,-0.01200000196695],[0,0.888000190258026,0.0880007743835449,-0.08800002932549,0.888000190258026,-0.00600001215935,0.0030000451952219,-0.05400003492832,-0.01200000196695],[0,0.888000190258026,0.0880007743835449,-0.08800002932549,0.888000190258026,-0.00600001215935,0.0030000451952219,-0.05400003492832,-0.01200000196695],[0,0.888000190258026,0.0880007743835449,-0.08800002932549,0.888000190258026,-0.00600001215935,0.0030000451952219,-0.05400003492832,-0.01200000196695],[0,0.888000190258026,0.0880007743835449,-0.08800002932549,0.888000190258026,-0.00600001215935,0.0030000451952219,-0.05400003492832,-0.01200000196695],[0,0.888000190258026,0.0880007743835449,-0.08800002932549,0.888000190258026,-0.00600001215935,0.0030000451952219,-0.05400003492832,-0.01200000196695],[0,0.888000190258026,0.0880007743835449,-0.08800002932549,0.888000190258026,-0.00600001215935,0.0030000451952219,-0.05400003492832,-0.01200000196695],[0,0.888000190258026,0.0880007743835449,-0.08800002932549,0.888000190258026,-0.00600001215935,0.0030000451952219,-0.05400003492832,-0.01200000196695],[0,0.888000190258026,0.0880007743835449,-0.08800002932549,0.888000190258026,-0.00600001215935,0.0030000451952219,-0.05400003492832,-0.01200000196695],[0,0.888000190258026,0.0880007743835449,-0.08800002932549,0.888000190258026,-0.00600001215935,0.0030000451952219,-0.05400003492832,-0.01200000196695],[0,0.888000190258026,0.0880007743835449,-0.08800002932549,0.888000190258026,-0.00600001215935,0.0030000451952219,-0.05400003492832,-0.01200000196695],[0,0.888000190258026,0.0880007743835449,-0.08800002932549,0.888000190258026,-0.00600001215935,0.0030000451952219,-0.05400003492832,-0.01200000196695],[0,0.888000190258026,0.0880007743835449,-0.08800002932549,0.888000190258026,-0.00600001215935,0.0030000451952219,-0.05400003492832,-0.01200000196695],[0,0.888000190258026,0.0880007743835449,-0.08800002932549,0.888000190258026,-0.00600001215935,0.0030000451952219,-0.05400003492832,-0.01200000196695],[0,0.888000190258026,0.0880007743835449,-0.08800002932549,0.888000190258026,-0.00600001215935,0.0030000451952219,-0.05400003492832,-0.01200000196695],[0,0.888000190258026,0.0880007743835449,-0.08800002932549,0.888000190258026,-0.00600001215935,0.0030000451952219,-0.05400003492832,-0.01200000196695],[0,0.888000190258026,0.0880007743835449,-0.08800002932549,0.888000190258026,-0.00600001215935,0.0030000451952219,-0.05400003492832,-0.01200000196695],[0,0.888000190258026,0.0880007743835449,-0.08800002932549,0.888000190258026,-0.00600001215935,0.0030000451952219,-0.05400003492832,-0.01200000196695],[0,0.888000190258026,0.0880007743835449,-0.08800002932549,0.888000190258026,-0.00600001215935,0.0030000451952219,-0.05400003492832,-0.01200000196695],[0,0.888000190258026,0.0880007743835449,-0.08800002932549,0.888000190258026,-0.00600001215935,0.0030000451952219,-0.05400003492832,-0.01200000196695],[0,0.888000190258026,0.0880007743835449,-0.08800002932549,0.888000190258026,-0.00600001215935,0.0030000451952219,-0.05400003492832,-0.01200000196695],[0,0.888000190258026,0.0880007743835449,-0.08800002932549,0.888000190258026,-0.00600001215935,0.0030000451952219,-0.05400003492832,-0.01200000196695],[0,0.888000190258026,0.0880007743835449,-0.08800002932549,0.888000190258026,-0.00600001215935,0.0030000451952219,-0.05400003492832,-0.01200000196695],[0,0.888000190258026,0.0880007743835449,-0.08800002932549,0.888000190258026,-0.00600001215935,0.0030000451952219,-0.05400003492832,-0.01200000196695],[0,0.888000190258026,0.0880007743835449,-0.08800002932549,0.888000190258026,-0.00600001215935,0.0030000451952219,-0.05400003492832,-0.01200000196695],[0,0.888000190258026,0.0880007743835449,-0.08800002932549,0.888000190258026,-0.00600001215935,0.0030000451952219,-0.05400003492832,-0.01200000196695],[0,0.888000190258026,0.0880007743835449,-0.08800002932549,0.888000190258026,-0.00600001215935,0.0030000451952219,-0.05400003492832,-0.01200000196695]],"reward":[0.3,0.3,0.3,0.3,0.3,0.3,0.3,0.3,0.3,0.3,0.3,0.3,0.3,0.3,0.3,0.3,0.3,0.3,0.3,0.3,0.3,0.3,0.3,0.3,0.3,0.3,0.3],