{"frame":[50,100,150,200],"penalty":[0.2,0.2,0.2,0.2],"refractory_step":[0.1,0.1,0.1,0.1],"response_values":[[0.199999928474426,-0.00000007450581,-0.00000007450581,-0.00000007450581,0.399999916553497,0.599999904632568,-0.00000007450581,0.399999916553497,0.0999999269843102],[0.199999928474426,-0.00000007450581,-0.00000007450581,-0.00000007450581,0.399999916553497,0.599999904632568,-0.00000007450581,0.399999916553497,0.0999999269843102],[0.199999928474426,-0.00000007450581,-0.00000007450581,-0.00000007450581,0.399999916553497,0.599999904632568,-0.00000007450581,0.399999916553497,0.0999999269843102],[0.199999928474426,-0.00000007450581,-0.00000007450581,-0.00000007450581,0.399999916553497,0.599999904632568,-0.00000007450581,0.399999916553497,0.0999999269843102]],"reward":[0.3,0.3,0.3,0.3],"rp_values":[[-0.33300000429153,-0.33300000429153,-0.33300000429153,1,-0.33300000429153,-0.33300000429153,-0.33300000429153,-0.33300000429153,-0.33300000429153],[-0.33300000429153,-0.33300000429153,-0.33300000429153,1,-0.33300000429153,-0.33300000429153,-0.33300000429153,-0.33300000429153,-0.33300000429153],[-0.33300000429153,-0.33300000429153,-0.33300000429153,1,-0.33300000429153,-0.33300000429153,-0.33300000429153,-0.33300000429153,-0.33300000429153],[-0.33300000429153,-0.33300000429153,-0.33300000429153,1,-0.33300000429153,-0.33300000429153,-0.33300000429153,-0.33300000429153,-0.33300000429153]],"score":[-0.6988999279052,-0.66509996064901,-1.06559992788881,-0.93209993060827],"stimulus_values":[[0,0,0,2,0,0,0,0,0],[0,0,0,2,0,0,0,0,0],[0,0,0,2,0,0,0,0,0],[0,0,0,2,0,0,0,0,0]],"threshold":[0,0,0,0]}