{"frame":[50,100,150,200,250,300,350,400,450,500,550,600,650,700,750],"penalty":[0.2,0.2,0.2,0.2,0.2,0.2,0.2,0.2,0.2,0.2,0.2,0.2,0.2,0.2,0.2],"refractory_step":[0.1,0.1,0.1,0.1,0.1,0.1,0.1,0.1,0.1,0.1,0.1,0.1,0.1,0.1,0.1],"response_values":[[-0.00000007450581,-0.00000007450581,-0.00000007450581,-0.00000007450581,-0.00000007450581,-0.00000007450581,-0.00000007450581,-0.00000007450581,-0.00000007450581],[-0.00000007450581,-0.00000007450581,-0.00000007450581,-0.00000007450581,-0.00000007450581,-0.00000007450581,-0.00000007450581,-0.00000007450581,-0.00000007450581],[-0.00000007450581,-0.00000007450581,-0.00000007450581,-0.00000007450581,-0.00000007450581,-0.00000007450581,-0.00000007450581,-0.00000007450581,-0.00000007450581],[-0.00000007450581,-0.00000007450581,-0.00000007450581,-0.00000007450581,-0.00000007450581,-0.00000007450581,-0.00000007450581,-0.00000007450581,-0.00000007450581],[-0.00000007450581,-0.00000007450581,-0.00000007450581,-0.00000007450581,-0.00000007450581,-0.00000007450581,-0.00000007450581,-0.00000007450581,-0.00000007450581],[-0.00000007450581,-0.00000007450581,-0.00000007450581,-0.00000007450581,-0.00000007450581,-0.00000007450581,-0.00000007450581,-0.00000007450581,-0.00000007450581],[-0.00000007450581,-0.00000007450581,-0.00000007450581,-0.00000007450581,-0.00000007450581,-0.00000007450581,-0.00000007450581,-0.00000007450581,-0.00000007450581],[-0.00000007450581,-0.00000007450581,-0.00000007450581,-0.00000007450581,-0.00000007450581,-0.00000007450581,-0.00000007450581,-0.00000007450581,-0.00000007450581],[-0.00000007450581,-0.00000007450581,-0.00000007450581,-0.00000007450581,-0.00000007450581,-0.00000007450581,-0.00000007450581,-0.00000007450581,-0.00000007450581],[-0.00000007450581,-0.00000007450581,-0.00000007450581,-0.00000007450581,-0.00000007450581,-0.00000007450581,-0.00000007450581,-0.00000007450581,-0.00000007450581],[-0.00000007450581,-0.00000007450581,-0.00000007450581,-0.00000007450581,-0.00000007450581,-0.00000007450581,-0.00000007450581,-0.00000007450581,-0.00000007450581],[-0.00000007450581,-0.00000007450581,-0.00000007450581,-0.00000007450581,-0.00000007450581,-0.00000007450581,-0.00000007450581,-0.00000007450581,-0.00000007450581],[-0.00000007450581,-0.00000007450581,-0.00000007450581,-0.00000007450581,-0.00000007450581,-0.00000007450581,-0.00000007450581,-0.00000007450581,-0.00000007450581],[-0.00000007450581,-0.00000007450581,-0.00000007450581,-0.00000007450581,-0.00000007450581,-0.00000007450581,-0.00000007450581,-0.00000007450581,-0.00000007450581],[-0.00000007450581,-0.00000007450581,-0.00000007450581,-0.00000007450581,-0.00000007450581,-0.00000007450581,-0.00000007450581,-0.00000007450581,-0.00000007450581]],"reward":[0.3,0.3,0.3,0.3,0.3,0.3,0.3,0.3,0.3,0.3,0.3,0.3,0.3,0.3,0.3],"rp_values":[[-0.33300000429153,-0.33300000429153,1,-0.33300000429153,-0.33300000429153,-0.33300000429153,-0.33300000429153,-0.33300000429153,-0.33300000429153],[-0.33300000429153,-0.33300000429153,1,-0.33300000429153,-0.33300000429153,-0.33300000429153,-0.33300000429153,-0.33300000429153,-0.33300000429153],[-0.33300000429153,-0.33300000429153,1,-0.33300000429153,-0.33300000429153,-0.33300000429153,-0.33300000429153,-0.33300000429153,-0.33300000429153],[-0.33300000429153,-0.33300000429153,1,-0.33300000429153,-0.33300000429153,-0.33300000429153,-0.33300000429153,-0.33300000429153,-0.33300000429153],[-0.33300000429153,-0.33300000429153,1,-0.33300000429153,-0.33300000429153,-0.33300000429153,-0.33300000429153,-0.33300000429153,-0.33300000429153],[-0.33300000429153,-0.33300000429153,1,-0.33300000429153,-0.33300000429153,-0.33300000429153,-0.33300000429153,-0.33300000429153,-0.33300000429153],[-0.33300000429153,-0.33300000429153,1,-0.33300000429153,-0.33300000429153,-0.33300000429153,-0.33300000429153,-0.33300000429153,-0.33300000429153],[-0.33300000429153,-0.33300000429153,1,-0.33300000429153,-0.33300000429153,-0.33300000429153,-0.33300000429153,-0.33300000429153,-0.33300000429153],[-0.33300000429153,-0.33300000429153,1,-0.33300000429153,-0.33300000429153,-0.33300000429153,-0.33300000429153,-0.33300000429153,-0.33300000429153],[-0.33300000429153,-0.33300000429153,1,-0.33300000429153,-0.33300000429153,-0.33300000429153,-0.33300000429153,-0.33300000429153,-0.33300000429153],[-0.33300000429153,-0.33300000429153,1,-0.33300000429153,-0.33300000429153,-0.33300000429153,-0.33300000429153,-0.33300000429153,-0.33300000429153],[-0.33300000429153,-0.33300000429153,1,-0.33300000429153,-0.33300000429153,-0.33300000429153,-0.33300000429153,-0.33300000429153,-0.33300000429153],[-0.33300000429153,-0.33300000429153,1,-0.33300000429153,-0.33300000429153,-0.33300000429153,-0.33300000429153,-0.33300000429153,-0.33300000429153],[-0.33300000429153,-0.33300000429153,1,-0.33300000429153,-0.33300000429153,-0.33300000429153,-0.33300000429153,-0.33300000429153,-0.33300000429153],[-0.33300000429153,-0.33300000429153,1,-0.33300000429153,-0.33300000429153,-0.33300000429153,-0.33300000429153,-0.33300000429153,-0.33300000429153]],"score":[0,0,-0.06650002554059,-0.33240001211166,-0.23309994693249,0,0,0.200499961733819,-0.0665000032112,0,0,-0.36589992857575,0.566999971866608,-0.09959997694343,-0.89829999811649],"stimulus_values":[[0,0,2,0,0,0,0,0,0],[0,0,2,0,0,0,0,0,0],[0,0,2,0,0,0,0,0,0],[0,0,2,0,0,0,0,0,0],[0,0,2,0,0,0,0,0,0],[0,0,2,0,0,0,0,0,0],[0,0,2,0,0,0,0,0,0],[0,0,2,0,0,0,0,0,0],[0,0,2,0,0,0,0,0,0],[0,0,2,0,0,0,0,0,0],[0,0,2,0,0,0,0,0,0],[0,0,2,0,0,0,0,0,0],[0,0,2,0,0,0,0,0,0],[0,0,2,0,0,0,0,0,0],[0,0,2,0,0,0,0,0,0]],"threshold":[0.4,0.4,0.4,0.4,0.4,0.4,0.4,0.4,0.4,0.4,0.4,0.4,0.4,0.4,0.4]}