{"frame":[50,100,150,200,250,300,350,400,450,500,550,600],"penalty":[0.2,0.2,0.2,0.2,0.2,0.2,0.2,0.2,0.2,0.2,0.2,0.2],"refractory_step":[0.1,0.1,0.1,0.1,0.1,0.1,0.1,0.1,0.1,0.1,0.1,0.1],"response_values":[[0.199999928474426,-0.00000007450581,0.0999999269843102,-0.00000007450581,-0.00000007450581,-0.00000007450581,-0.00000007450581,-0.00000007450581,0.199999928474426],[0.199999928474426,-0.00000007450581,0.0999999269843102,-0.00000007450581,-0.00000007450581,-0.00000007450581,-0.00000007450581,-0.00000007450581,0.199999928474426],[0.199999928474426,-0.00000007450581,0.0999999269843102,-0.00000007450581,-0.00000007450581,-0.00000007450581,-0.00000007450581,-0.00000007450581,0.199999928474426],[0.199999928474426,-0.00000007450581,0.0999999269843102,-0.00000007450581,-0.00000007450581,-0.00000007450581,-0.00000007450581,-0.00000007450581,0.199999928474426],[0.199999928474426,-0.00000007450581,0.0999999269843102,-0.00000007450581,-0.00000007450581,-0.00000007450581,-0.00000007450581,-0.00000007450581,0.199999928474426],[0.199999928474426,-0.00000007450581,0.0999999269843102,-0.00000007450581,-0.00000007450581,-0.00000007450581,-0.00000007450581,-0.00000007450581,0.199999928474426],[0.199999928474426,-0.00000007450581,0.0999999269843102,-0.00000007450581,-0.00000007450581,-0.00000007450581,-0.00000007450581,-0.00000007450581,0.199999928474426],[0.199999928474426,-0.00000007450581,0.0999999269843102,-0.00000007450581,-0.00000007450581,-0.00000007450581,-0.00000007450581,-0.00000007450581,0.199999928474426],[0.199999928474426,-0.00000007450581,0.0999999269843102,-0.00000007450581,-0.00000007450581,-0.00000007450581,-0.00000007450581,-0.00000007450581,0.199999928474426],[0.199999928474426,-0.00000007450581,0.0999999269843102,-0.00000007450581,-0.00000007450581,-0.00000007450581,-0.00000007450581,-0.00000007450581,0.199999928474426],[0.199999928474426,-0.00000007450581,0.0999999269843102,-0.00000007450581,-0.00000007450581,-0.00000007450581,-0.00000007450581,-0.00000007450581,0.199999928474426],[0.199999928474426,-0.00000007450581,0.0999999269843102,-0.00000007450581,-0.00000007450581,-0.00000007450581,-0.00000007450581,-0.00000007450581,0.199999928474426]],"reward":[0.3,0.3,0.3,0.3,0.3,0.3,0.3,0.3,0.3,0.3,0.3,0.3],"rp_values":[[1,-0.33300000429153,-0.33300000429153,-0.33300000429153,-0.33300000429153,-0.33300000429153,-0.33300000429153,-0.33300000429153,-0.33300000429153],[1,-0.33300000429153,-0.33300000429153,-0.33300000429153,-0.33300000429153,-0.33300000429153,-0.33300000429153,-0.33300000429153,-0.33300000429153],[1,-0.33300000429153,-0.33300000429153,-0.33300000429153,-0.33300000429153,-0.33300000429153,-0.33300000429153,-0.33300000429153,-0.33300000429153],[1,-0.33300000429153,-0.33300000429153,-0.33300000429153,-0.33300000429153,-0.33300000429153,-0.33300000429153,-0.33300000429153,-0.33300000429153],[1,-0.33300000429153,-0.33300000429153,-0.33300000429153,-0.33300000429153,-0.33300000429153,-0.33300000429153,-0.33300000429153,-0.33300000429153],[1,-0.33300000429153,-0.33300000429153,-0.33300000429153,-0.33300000429153,-0.33300000429153,-0.33300000429153,-0.33300000429153,-0.33300000429153],[1,-0.33300000429153,-0.33300000429153,-0.33300000429153,-0.33300000429153,-0.33300000429153,-0.33300000429153,-0.33300000429153,-0.33300000429153],[1,-0.33300000429153,-0.33300000429153,-0.33300000429153,-0.33300000429153,-0.33300000429153,-0.33300000429153,-0.33300000429153,-0.33300000429153],[1,-0.33300000429153,-0.33300000429153,-0.33300000429153,-0.33300000429153,-0.33300000429153,-0.33300000429153,-0.33300000429153,-0.33300000429153],[1,-0.33300000429153,-0.33300000429153,-0.33300000429153,-0.33300000429153,-0.33300000429153,-0.33300000429153,-0.33300000429153,-0.33300000429153],[1,-0.33300000429153,-0.33300000429153,-0.33300000429153,-0.33300000429153,-0.33300000429153,-0.33300000429153,-0.33300000429153,-0.33300000429153],[1,-0.33300000429153,-0.33300000429153,-0.33300000429153,-0.33300000429153,-0.33300000429153,-0.33300000429153,-0.33300000429153,-0.33300000429153]],"score":[0.000800061602892033,-0.46560006543398,0,0,0,0,0,0,0,0.0340999980211265,0.100099975319207,0.267099978470803],"stimulus_values":[[2,0,0,0,0,0,0,0,0],[2,0,0,0,0,0,0,0,0],[2,0,0,0,0,0,0,0,0],[2,0,0,0,0,0,0,0,0],[2,0,0,0,0,0,0,0,0],[2,0,0,0,0,0,0,0,0],[2,0,0,0,0,0,0,0,0],[2,0,0,0,0,0,0,0,0],[2,0,0,0,0,0,0,0,0],[2,0,0,0,0,0,0,0,0],[2,0,0,0,0,0,0,0,0],[2,0,0,0,0,0,0,0,0]],"threshold":[0,0,0.53,0.691,0.699,0.719,0.719,0.719,0.719,0.719,0.719,0.719]}