{"frame":[50,100,150,200,250,300,350,400],"penalty":[0.2,0.2,0.2,0.2,0.2,0.2,0.2,0.2],"refractory_step":[0.1,0.1,0.1,0.1,0.1,0.1,0.1,0.1],"response_values":[[-0.00000007450581,0,0,0,0,-0.00000007450581,0.399999916553497,0,0],[-0.00000007450581,0,0,0,0,-0.00000007450581,0.399999916553497,0,0],[-0.00000007450581,0,0,0,0,-0.00000007450581,0.399999916553497,0,0],[-0.00000007450581,0,0,0,0,-0.00000007450581,0.399999916553497,0,0],[-0.00000007450581,0,0,0,0,-0.00000007450581,0.399999916553497,0,0],[-0.00000007450581,0,0,0,0,-0.00000007450581,0.399999916553497,0,0],[-0.00000007450581,0,0,0,0,-0.00000007450581,0.399999916553497,0,0],[-0.00000007450581,0,0,0,0,-0.00000007450581,0.399999916553497,0,0]],"reward":[0.3,0.3,0.3,0.3,0.3,0.3,0.3,0.3],"rp_values":[[-0.33300000429153,-0.33300000429153,-0.33300000429153,-0.33300000429153,-0.33300000429153,-0.33300000429153,1,-0.33300000429153,-0.33300000429153],[-0.33300000429153,-0.33300000429153,-0.33300000429153,-0.33300000429153,-0.33300000429153,-0.33300000429153,1,-0.33300000429153,-0.33300000429153],[-0.33300000429153,-0.33300000429153,-0.33300000429153,-0.33300000429153,-0.33300000429153,-0.33300000429153,1,-0.33300000429153,-0.33300000429153],[-0.33300000429153,-0.33300000429153,-0.33300000429153,-0.33300000429153,-0.33300000429153,-0.33300000429153,1,-0.33300000429153,-0.33300000429153],[-0.33300000429153,-0.33300000429153,-0.33300000429153,-0.33300000429153,-0.33300000429153,-0.33300000429153,1,-0.33300000429153,-0.33300000429153],[-0.33300000429153,-0.33300000429153,-0.33300000429153,-0.33300000429153,-0.33300000429153,-0.33300000429153,1,-0.33300000429153,-0.33300000429153],[-0.33300000429153,-0.33300000429153,-0.33300000429153,-0.33300000429153,-0.33300000429153,-0.33300000429153,1,-0.33300000429153,-0.33300000429153],[-0.33300000429153,-0.33300000429153,-0.33300000429153,-0.33300000429153,-0.33300000429153,-0.33300000429153,1,-0.33300000429153,-0.33300000429153]],"score":[-0.16649997237325,0,0.433599940919876,0.0999999269843102,0.599999904632568,0,0.499999910593033,1],"stimulus_values":[[0,0,0,0,0,0,2,0,0],[0,0,0,0,0,0,2,0,0],[0,0,0,0,0,0,2,0,0],[0,0,0,0,0,0,2,0,0],[0,0,0,0,0,0,2,0,0],[0,0,0,0,0,0,2,0,0],[0,0,0,0,0,0,2,0,0],[0,0,0,0,0,0,2,0,0]],"threshold":[0.6,0.6,0.6,0.6,0.6,0.6,0.6,0.6]}