{"frame":[50,100,150,200,250],"penalty":[0.2,0.2,0.2,0.2,0.2],"refractory_step":[0.1,0.1,0.1,0.1,0.1],"response_values":[[0.799999952316284,-0.00000007450581,-0.00000007450581,-0.00000007450581,0.899999976158142,-0.00000007450581,1,1,-0.00000007450581],[0.799999952316284,-0.00000007450581,-0.00000007450581,-0.00000007450581,0.899999976158142,-0.00000007450581,1,1,-0.00000007450581],[0.799999952316284,-0.00000007450581,-0.00000007450581,-0.00000007450581,0.899999976158142,-0.00000007450581,1,1,-0.00000007450581],[0.799999952316284,-0.00000007450581,-0.00000007450581,-0.00000007450581,0.899999976158142,-0.00000007450581,1,1,-0.00000007450581],[0.799999952316284,-0.00000007450581,-0.00000007450581,-0.00000007450581,0.899999976158142,-0.00000007450581,1,1,-0.00000007450581]],"reward":[0.3,0.3,0.3,0.3,0.3],"rp_values":[[1,-0.33300000429153,-0.33300000429153,-0.33300000429153,-0.33300000429153,-0.33300000429153,-0.33300000429153,-0.33300000429153,-0.33300000429153],[1,-0.33300000429153,-0.33300000429153,-0.33300000429153,-0.33300000429153,-0.33300000429153,-0.33300000429153,-0.33300000429153,-0.33300000429153],[1,-0.33300000429153,-0.33300000429153,-0.33300000429153,-0.33300000429153,-0.33300000429153,-0.33300000429153,-0.33300000429153,-0.33300000429153],[1,-0.33300000429153,-0.33300000429153,-0.33300000429153,-0.33300000429153,-0.33300000429153,-0.33300000429153,-0.33300000429153,-0.33300000429153],[1,-0.33300000429153,-0.33300000429153,-0.33300000429153,-0.33300000429153,-0.33300000429153,-0.33300000429153,-0.33300000429153,-0.33300000429153]],"score":[-0.36529994614124,0.366899925446511,-0.16649995004386,0.300199939775467,1],"stimulus_values":[[2,0,0,0,0,0,0,0,0],[2,0,0,0,0,0,0,0,0],[2,0,0,0,0,0,0,0,0],[2,0,0,0,0,0,0,0,0],[2,0,0,0,0,0,0,0,0]],"threshold":[0.6,0.6,0.6,0.6,0.6]}