{"frame":[50,100,150],"penalty":[0.2,0.2,0.2],"refractory_step":[0.1,0.1,0.1],"response_values":[[0.0999999269843102,0.0999999269843102,0,-0.00000007450581,-0.00000007450581,0.0999999269843102,0,-0.00000007450581,-0.00000007450581],[0.0999999269843102,0.0999999269843102,0,-0.00000007450581,-0.00000007450581,0.0999999269843102,0,-0.00000007450581,-0.00000007450581],[0.0999999269843102,0.0999999269843102,0,-0.00000007450581,-0.00000007450581,0.0999999269843102,0,-0.00000007450581,-0.00000007450581]],"reward":[0.3,0.3,0.3],"rp_values":[[-0.33300000429153,1,-0.33300000429153,-0.33300000429153,-0.33300000429153,-0.33300000429153,-0.33300000429153,-0.33300000429153,-0.33300000429153],[-0.33300000429153,1,-0.33300000429153,-0.33300000429153,-0.33300000429153,-0.33300000429153,-0.33300000429153,-0.33300000429153,-0.33300000429153],[-0.33300000429153,1,-0.33300000429153,-0.33300000429153,-0.33300000429153,-0.33300000429153,-0.33300000429153,-0.33300000429153,-0.33300000429153]],"score":[0.0335999746561058,0.2005999604702,0.100199971544743],"stimulus_values":[[0,2,0,0,0,0,0,0,0],[0,2,0,0,0,0,0,0,0],[0,2,0,0,0,0,0,0,0]],"threshold":[0.6,0.6,0.6]}